Fecha,ID Cliente,Cliente,CUIT,Monto Cobrado,Factura Asociada,Banco Origen,Referencia Banco,Nivel Match,Confianza %,Observaciones
01/12/2025,1012,CREEK HOUSE CLUB,27-56981693-4,1241782.09,A-00074,Banco Galicia,REF715104,automatico,95.0,Diferencia $-744397.66
01/12/2025,1039,Michelle Catering,30-70143634-9,917810.99,A-00114,Banco Santander,REF436208,automatico,95.0,Diferencia $-1250224.14
01/12/2025,1059,VINOTECA LA RECTA,23-48086131-7,379780.72,A-00143,Banco Santander,REF777308,automatico,95.0,Diferencia $-107761.40
01/12/2025,1104,HUB,20-59696641-6,380244.87,A-00215,Banco Santander,REF599687,automatico,95.0,Diferencia $-418224.43
01/12/2025,1134,GULAMBRE,27-03450541-5,475664.33,A-00253,Banco Santander,REF905459,automatico,95.0,Diferencia $129637.12
01/12/2025,1169,TOKIN,33-73348434-4,316521.85,A-00299,Banco Santander,REF378727,automatico,95.0,Diferencia $152092.75
01/12/2025,1170,COMPAÑIA Y VINO,30-57584419-8,315495.28,A-00300,Banco Santander,REF974991,automatico,95.0,
01/12/2025,1217,KUZAMIL S.A,33-66296194-3,139349.55,A-00364,Banco Santander,REF818651,automatico,95.0,Diferencia $-3450.44
01/12/2025,1214,MACANA ESCABIO & DELICATESSEN,33-26142939-6,149995.38,A-00360,Mercado Pago,REF277477,automatico,95.0,
01/12/2025,1122,TRES CALAVERAS,33-24075818-1,174277.11,A-00238,Mercado Pago,REF687783,automatico,95.0,Diferencia $-421570.26
01/12/2025,1106,Consumidor Final,33-16453521-8,212598.15,A-00218,Mercado Pago,REF812597,automatico,95.0,Diferencia $-488846.99
01/12/2025,1096,BLEND BEBIDAS RIO CUARTO,33-99809402-4,394468.57,A-00202,Mercado Pago,REF464158,automatico,95.0,Diferencia $-549017.92
01/12/2025,1084,ANONIMO MANANTIALES,20-83933529-0,409853.08,A-00183,Mercado Pago,REF728636,automatico,95.0,Diferencia $68757.69
01/12/2025,1075,Lu Jaitt Wedding,23-14562328-5,539151.2,A-00169,Mercado Pago,REF145548,automatico,95.0,Diferencia $-30939.32
01/12/2025,1074,Alta gracia rugby,23-39421047-0,294123.05,A-00168,Mercado Pago,REF744610,automatico,95.0,Diferencia $-868946.02
01/12/2025,1072,DRINK BOX,23-67136959-4,517238.27,A-00166,Mercado Pago,REF735988,automatico,95.0,Diferencia $-658990.26
01/12/2025,1055,SIGUR VINOTECA,27-65512567-4,443510.92,A-00137,Mercado Pago,REF315565,automatico,95.0,Diferencia $75891.74
01/12/2025,1053,Chacra De Luna,33-40139904-9,900307.7,A-00135,Mercado Pago,REF436526,automatico,95.0,Diferencia $-166842.96
01/12/2025,1029,Eduardo bruno v maria,27-64170805-3,654251.34,A-00100,Mercado Pago,REF995735,automatico,95.0,Diferencia $-1993332.66
01/12/2025,1016,TUTE MORTERO,23-69957773-8,807609.1,A-00082,Mercado Pago,REF773045,automatico,95.0,Diferencia $-4363911.10
01/12/2025,1024,Mr drinks,30-58760366-9,1236702.37,A-00093,Banco Santander,REF944193,automatico,95.0,Diferencia $-1364666.56
01/12/2025,1015,DISTRIBUIDORA SUR.,30-62994680-4,2619165.73,A-00081,Mercado Pago,REF200575,automatico,95.0,Diferencia $-4498754.27
01/12/2025,1002,BONPRIX,27-13542784-9,18058949.18,A-00034,Mercado Pago,REF945106,automatico,95.0,Diferencia $4106569.92
01/12/2025,1202,LAS MORAS,33-77175355-6,189293.73,A-00343,Banco Galicia,REF692354,automatico,95.0,
01/12/2025,1060,CONSUMIDOR FINAL FACU,23-74846773-7,630839.89,A-00145,Banco Galicia,REF170634,automatico,95.0,Diferencia $27598.49
01/12/2025,1069,Hoffen Catering & Planners,33-69222196-9,680246.57,A-00162,Banco Galicia,REF180832,automatico,95.0,Diferencia $-136061.01
01/12/2025,1086,LA TABERNA RIO CUARTO,33-50240268-1,445729.84,A-00186,Banco Galicia,REF861411,automatico,95.0,Diferencia $54484.21
01/12/2025,1141,NIDO,30-54310278-6,412621.02,A-00263,Banco Galicia,REF676276,automatico,95.0,Diferencia $93905.28
01/12/2025,1146,Manuel Wellosi,30-78669125-1,403899.15,A-00271,Banco Galicia,REF775885,automatico,95.0,Diferencia $194216.77
01/12/2025,1167,LA TOPPINERIA GUEMES,30-36897028-3,322534.21,A-00296,Banco Galicia,REF879592,automatico,95.0,
01/12/2025,1195,JUANITA VAR,20-89268705-6,231672.86,A-00333,Banco Galicia,REF704277,automatico,95.0,Diferencia $61664.77
01/12/2025,1200,VARIETAL,27-40331739-3,192121.24,A-00341,Banco Galicia,REF762903,automatico,95.0,
01/12/2025,1223,REY DE COPAS RIO CUARTO,27-71543799-3,118051.67,A-00372,Banco Galicia,REF875959,automatico,95.0,
01/12/2025,1035,ALMACEN SHIZEN,23-84987769-4,758591.69,A-00108,Banco Galicia,REF206210,automatico,95.0,Diferencia $134241.47
01/12/2025,1017,IMPERIO VINOTECA,23-14895134-3,2492267.12,A-00083,Banco Galicia,REF958160,automatico,95.0,Diferencia $-2167643.75
01/12/2025,1227,*alejandro tasca Bartender,33-39828073-7,112959.65,A-00376,Banco Galicia,REF795759,automatico,95.0,
01/12/2025,1228,PLANTA BAJA,20-67243426-6,111555.37,A-00377,Banco Galicia,REF163029,automatico,95.0,
01/12/2025,1231,OYE CHICO,27-61014388-8,104660.16,A-00381,Banco Galicia,REF792451,automatico,95.0,
01/12/2025,1238,CHEZ GENERAL PAZ,27-53714785-9,81685.2,A-00389,Banco Galicia,REF655132,automatico,95.0,Diferencia $21094.92
02/12/2025,1008,E24,33-23226025-6,3193871.11,A-00066,Banco Galicia,REF165308,automatico,95.0,Diferencia $-28616.74
02/12/2025,1235,CLUB DE LA MILANESA NVA CBA,27-12382825-8,92954.26,A-00385,Banco Santander,REF726111,automatico,95.0,Diferencia $-1692.61
02/12/2025,1138,THE BOTTOM GUEMES,33-64016582-0,453244.39,A-00258,Banco Santander,REF318572,automatico,95.0,
02/12/2025,1070,Way Out Producciones,30-92374740-7,318940.81,A-00163,Banco Santander,REF604906,automatico,95.0,Diferencia $-212706.97
02/12/2025,1030,MARQUEZ VINOS Y LICORES,20-03309232-7,673554.22,A-00101,Banco Santander,REF900660,automatico,95.0,Diferencia $-1801449.53
02/12/2025,1024,Mr drinks,30-58760366-9,1166118.83,A-00092,Banco Santander,REF843826,automatico,95.0,Diferencia $368112.87
02/12/2025,1019,JANGADERO EX SHADDY,30-76320163-2,2142149.18,A-00086,Mercado Pago,REF256911,automatico,95.0,Diferencia $-712347.75
02/12/2025,1050,CLIN VINOTECA general paz,23-49361832-4,1045560.12,A-00131,Mercado Pago,REF236384,automatico,95.0,Diferencia $-741752.39
02/12/2025,1057,la union distribuidora,33-76038597-7,312786.14,A-00141,Mercado Pago,REF925115,automatico,95.0,Diferencia $-1276366.60
02/12/2025,1091,Tomis distribuidora,30-73657661-5,290325.44,A-00195,Mercado Pago,REF287155,automatico,95.0,Diferencia $-679679.52
02/12/2025,1125,CALINA,20-51522047-2,150906.6,A-00242,Mercado Pago,REF215717,automatico,95.0,Diferencia $-397445.36
02/12/2025,1142,Drink Party,27-47394731-2,408285.56,A-00265,Mercado Pago,REF769536,automatico,95.0,Diferencia $159813.12
02/12/2025,1148,CANTINA ALMACEN DE BEBIDAS,20-82422535-8,392508.87,A-00274,Mercado Pago,REF343977,automatico,95.0,
02/12/2025,1160,CIUDADANO,33-49912165-5,349166.89,A-00287,Mercado Pago,REF236078,automatico,95.0,
02/12/2025,1236,Kalu cerveceria,30-36226609-3,91513.07,A-00386,Mercado Pago,REF624970,automatico,95.0,
02/12/2025,1211,Shiok,20-16668700-2,162651.63,A-00356,Mercado Pago,REF533672,automatico,95.0,Diferencia $56922.59
02/12/2025,1194,EL BOTELLON BAR,33-95342836-4,232720.75,A-00331,Mercado Pago,REF414985,automatico,95.0,
02/12/2025,1172,DENVER MARKET,23-38484219-9,304145.14,A-00303,Mercado Pago,REF342239,automatico,95.0,
02/12/2025,1021,ALMACEN 1810,30-98687277-4,1957570.91,A-00088,Banco Galicia,REF734366,automatico,95.0,Diferencia $-1645581.76
02/12/2025,1005,CHILLI STREET CLUB,27-00524278-6,1989210.6,A-00056,Banco Galicia,REF742039,automatico,95.0,Diferencia $-1448529.22
02/12/2025,1165,Cata vinoteca -C.PAZ,27-99309728-9,329095.73,A-00294,Mercado Pago,REF318877,automatico,95.0,
02/12/2025,1088,TRESCA VINILOS Y COPAS,33-47007661-7,338893.7,A-00190,Banco Galicia,REF495397,automatico,95.0,Diferencia $-669759.45
02/12/2025,1222,HUGO RESTORAN,23-44472126-4,120947.65,A-00371,Banco Galicia,REF594078,automatico,95.0,
02/12/2025,1080,COPA V RECTA,20-38267586-9,579267.7,A-00177,Banco Galicia,REF833281,automatico,95.0,Diferencia $-202920.69
02/12/2025,1219,MALBEC,27-75412126-7,134231.99,A-00368,Banco Galicia,REF157187,automatico,95.0,Diferencia $64002.07
02/12/2025,1127,FELICITAS CATERING,20-43410369-7,108435.29,A-00244,Banco Galicia,REF849937,automatico,95.0,Diferencia $-410760.65
02/12/2025,1068,Hannover Florida,27-00504556-2,570067.86,A-00160,Banco Galicia,REF470040,automatico,95.0,Diferencia $-363170.67
02/12/2025,1108,Hacienda La Madura,23-92127799-7,340297.63,A-00220,Banco Galicia,REF586279,automatico,95.0,Diferencia $-347713.76
03/12/2025,1018,CARAVANA - RIO CUARTO,23-00379176-9,1983916.63,A-00084,Mercado Pago,REF182175,automatico,95.0,Diferencia $-2100550.38
03/12/2025,1022,bamboo eventos,27-87347143-4,1848302.38,A-00090,Mercado Pago,REF477880,automatico,95.0,Diferencia $-239876.88
03/12/2025,1028,EL ZORRO,30-20465375-5,840740.9,A-00098,Mercado Pago,REF422002,automatico,95.0,Diferencia $-454862.09
03/12/2025,1029,Eduardo bruno v maria,27-64170805-3,1089470.61,A-00100,Mercado Pago,REF310026,automatico,95.0,Diferencia $-1558113.39
03/12/2025,1002,BONPRIX,27-13542784-9,6559084.2,A-00036,Mercado Pago,REF428572,automatico,95.0,Diferencia $-1571640.38
03/12/2025,1001,RPB S.A,20-79911838-4,12432984.07,A-00022,Mercado Pago,REF416528,automatico,95.0,Diferencia $-491499.73
03/12/2025,1106,Consumidor Final,33-16453521-8,27002.67,A-00218,Banco Galicia,REF692282,automatico,95.0,Diferencia $-674442.47
03/12/2025,1246,CLUB IME,33-07836134-0,39434.8,A-00401,Banco Galicia,REF907455,automatico,95.0,
03/12/2025,1244,BACKERHAUS,23-19034043-8,53702.99,A-00398,Banco Galicia,REF245308,automatico,95.0,Diferencia $26370.36
03/12/2025,1150,SAUL ARATANO,33-92299590-0,387317.05,A-00276,Banco Galicia,REF262555,automatico,95.0,
03/12/2025,1203,VALDES MARISQUERIA,33-32048996-4,189293.73,A-00345,Mercado Pago,REF831663,automatico,95.0,Diferencia $72638.15
03/12/2025,1107,VALLE WINES,33-83552312-4,296116.99,A-00219,Banco Galicia,REF805893,automatico,95.0,Diferencia $-391954.67
03/12/2025,1114,LA CATA ALMACEN DE VINOS,30-65905151-8,157831.41,A-00228,Banco Galicia,REF508783,automatico,95.0,Diferencia $-141799.16
03/12/2025,1032,UNPLUGGED,20-90496631-9,1024216.12,A-00103,Mercado Pago,REF785315,automatico,95.0,Diferencia $-1325565.60
03/12/2025,1093,TIJUANA,27-28098851-6,428415.2,A-00198,Banco Galicia,REF795650,automatico,95.0,Diferencia $-529068.24
03/12/2025,1086,LA TABERNA RIO CUARTO,33-50240268-1,287103.29,A-00186,Banco Galicia,REF711248,automatico,95.0,Diferencia $-104142.34
03/12/2025,1035,ALMACEN SHIZEN,23-84987769-4,308363.92,A-00108,Banco Galicia,REF578938,automatico,95.0,Diferencia $-315986.30
03/12/2025,1017,IMPERIO VINOTECA,23-14895134-3,564567.73,A-00083,Banco Galicia,REF661527,automatico,95.0,Diferencia $-4095343.14
03/12/2025,1006,Belgrano Bebidas S.R.L,20-12805982-6,2337511.83,A-00061,Banco Galicia,REF694423,automatico,95.0,Diferencia $-1691474.83
03/12/2025,1102,TESKA,23-44510762-2,430510.9,A-00213,Banco Santander,REF285186,automatico,95.0,Diferencia $-2587.68
03/12/2025,1226,Autoservicio 70/30,27-47935646-5,116044.57,A-00375,Banco Santander,REF800722,automatico,95.0,
03/12/2025,1206,Puesto de Sabores,33-01006231-2,184809.75,A-00349,Banco Santander,REF604283,automatico,95.0,Diferencia $69880.11
03/12/2025,1179,PATIO VALDIVIESO,30-85161227-5,292601.32,A-00311,Banco Santander,REF729057,automatico,95.0,
03/12/2025,1147,Cafe Escondido,30-85289226-8,394130.12,A-00273,Banco Galicia,REF929912,automatico,95.0,Diferencia $185642.16
03/12/2025,1051,GRAPPA,20-02499471-7,675998.72,A-00132,Mercado Pago,REF676884,automatico,95.0,Diferencia $-1072880.50
03/12/2025,1052,cassette,30-48877190-6,707815.28,A-00133,Mercado Pago,REF447148,automatico,95.0,Diferencia $-1025995.51
03/12/2025,1056,LA FERNECERIA,33-07154516-8,824439.44,A-00140,Mercado Pago,REF338703,automatico,95.0,Diferencia $-292928.24
03/12/2025,1128,VILLA GOLF EVENTOS,20-79808932-4,149545.65,A-00245,Banco Santander,REF458521,automatico,95.0,Diferencia $-360632.80
03/12/2025,1240,La Bode,23-51341252-8,70119.26,A-00392,Mercado Pago,REF817552,automatico,95.0,Diferencia $15278.67
03/12/2025,1248,23 BURGER BEER,23-92330958-4,24622.86,A-00403,Banco Galicia,REF684413,automatico,95.0,
03/12/2025,1161,AFORO REFUGIO,23-39868000-2,338025.15,A-00289,Mercado Pago,REF608947,automatico,95.0,Diferencia $127282.24
03/12/2025,1120,SKALL,23-79473834-7,316295.9,A-00236,Banco Santander,REF661091,automatico,95.0,Diferencia $-312126.47
03/12/2025,1130,Bautista Reevendedor,33-88880670-6,496979.73,A-00248,Mercado Pago,REF913331,automatico,95.0,
03/12/2025,1117,LA BARRACA,33-50542357-3,378512.77,A-00232,Mercado Pago,REF766738,automatico,95.0,Diferencia $-265416.94
03/12/2025,1057,la union distribuidora,33-76038597-7,636808.43,A-00141,Mercado Pago,REF736030,automatico,95.0,Diferencia $-952344.31
03/12/2025,1073,OSLOW,20-64090974-3,516154.93,A-00167,Mercado Pago,REF459316,automatico,95.0,Diferencia $-656030.71
03/12/2025,1062,DADDY BEBIDAS CORDILLERA,20-44997278-7,437632.33,A-00149,Mercado Pago,REF358133,automatico,95.0,Diferencia $-22545.42
03/12/2025,1132,wood,27-85277221-7,486161.57,A-00250,Mercado Pago,REF982417,automatico,95.0,
04/12/2025,1003,NPJ,33-41241182-4,4198053.98,A-00047,Mercado Pago,REF775933,automatico,95.0,Diferencia $-504907.23
04/12/2025,1004,DRICKA,33-35348740-1,2292577.44,A-00053,Mercado Pago,REF170813,automatico,95.0,Diferencia $581578.52
04/12/2025,1015,DISTRIBUIDORA SUR.,30-62994680-4,1675917.93,A-00081,Mercado Pago,REF699544,automatico,95.0,Diferencia $-5442002.07
04/12/2025,1032,UNPLUGGED,20-90496631-9,330416.83,A-00103,Mercado Pago,REF150578,automatico,95.0,Diferencia $-2019364.89
04/12/2025,1033,VINOTECA RUTA 2,20-49190586-5,1115563.57,A-00105,Mercado Pago,REF834764,automatico,95.0,Diferencia $-351239.14
04/12/2025,1087,CUATRO CEPAS,30-75891783-9,316252.54,A-00188,Mercado Pago,REF526911,automatico,95.0,Diferencia $-16936.82
04/12/2025,1137,Farra Vinoteca,27-47962757-0,464907.6,A-00257,Mercado Pago,REF908447,automatico,95.0,
04/12/2025,1136,DRINKS VILLA ALLENDE,30-16928451-1,468496.15,A-00256,Mercado Pago,REF135138,automatico,95.0,
04/12/2025,1162,dos hermanas,30-87298259-5,335048.83,A-00290,Mercado Pago,REF698749,automatico,95.0,
04/12/2025,1174,ARCHI,23-08267734-5,301033.56,A-00305,Mercado Pago,REF287588,automatico,95.0,
04/12/2025,1191,DON,30-52431069-0,252508.6,A-00328,Mercado Pago,REF858729,automatico,95.0,Diferencia $54286.17
04/12/2025,1209,PISCO DE MAR,23-11823398-4,163806.22,A-00353,Mercado Pago,REF379190,automatico,95.0,
04/12/2025,1224,Angeles Catering,20-24065965-7,117896.75,A-00373,Mercado Pago,REF648684,automatico,95.0,
04/12/2025,1090,COLIFA BAR,30-98478961-1,345987.62,A-00193,Mercado Pago,REF470248,automatico,95.0,Diferencia $70844.13
04/12/2025,1189,ESTACION 27,30-61825128-6,267435.31,A-00325,Mercado Pago,REF950472,automatico,95.0,
04/12/2025,1207,salvaje cafe,23-87509977-0,179554.4,A-00351,Banco Santander,REF783932,automatico,95.0,Diferencia $42746.11
04/12/2025,1039,Michelle Catering,30-70143634-9,255868.31,A-00114,Banco Santander,REF391668,automatico,95.0,Diferencia $-1912166.82
04/12/2025,1043,Aldeano Restaurante Bar,27-08240084-2,879935.5,A-00121,Banco Galicia,REF764000,automatico,95.0,Diferencia $-1100381.60
04/12/2025,1045,ucfa,30-11671902-2,936648.61,A-00123,Banco Galicia,REF828038,automatico,95.0,Diferencia $-995582.65
04/12/2025,1069,Hoffen Catering & Planners,33-69222196-9,218686.1,A-00161,Banco Galicia,REF394450,automatico,95.0,Diferencia $-190965.68
04/12/2025,1183,ALTO TEJEDA  MENENDEZ PIDAL,30-87833918-7,285599.98,A-00316,Banco Galicia,REF324319,automatico,95.0,
04/12/2025,1245,BRIE DELICATESSEN,23-79788191-4,39233.28,A-00400,Banco Galicia,REF839389,automatico,95.0,Diferencia $13020.81
04/12/2025,1026,FRUTA NUEVA CORDOBA,30-34670656-2,803011.05,A-00095,Banco Santander,REF409963,automatico,95.0,Diferencia $-2113380.63
04/12/2025,1027,VINOTECA LA FALDA,23-98069901-6,1669256.46,A-00097,Banco Galicia,REF986486,automatico,95.0,Diferencia $60214.55
04/12/2025,1041,DISTRIBUIDORA MARCONI,27-31351823-3,963522.05,A-00118,Banco Galicia,REF985331,automatico,95.0,Diferencia $-504609.15
04/12/2025,1220,CARA E PAPA,20-01581995-6,130924.4,A-00369,Banco Santander,REF972881,automatico,95.0,Diferencia $-900.60
04/12/2025,1204,PIPO BEBIDAS,23-53693785-4,187987.66,A-00346,Banco Santander,REF806357,automatico,95.0,
04/12/2025,1199,Amboy bebidas,30-99013983-7,208522.92,A-00340,Banco Santander,REF990742,automatico,95.0,
04/12/2025,1135,Diego Rojas,30-76527758-4,473827.8,A-00255,Banco Santander,REF564478,automatico,95.0,Diferencia $142727.35
04/12/2025,1128,VILLA GOLF EVENTOS,20-79808932-4,360632.8,A-00245,Banco Santander,REF923892,automatico,95.0,Diferencia $-149545.65
04/12/2025,1092,Palma Sunset,27-45271111-6,295206.95,A-00196,Banco Santander,REF378297,automatico,95.0,Diferencia $-2824.40
04/12/2025,1077,farmacia sanchez antoniolli,33-51604817-5,411375.53,A-00172,Banco Santander,REF315397,automatico,95.0,Diferencia $-720460.21
04/12/2025,1044,SUMMER HOUSE,20-09477752-0,1117018.29,A-00122,Banco Santander,REF731792,automatico,95.0,Diferencia $-855243.54
04/12/2025,1208,ANTARES BUEN PASTOR,33-86008484-0,168303.45,A-00352,Banco Santander,REF871403,automatico,95.0,
04/12/2025,1038,FULLSKAVIO,33-08313678-3,950764.99,A-00113,Banco Galicia,REF360651,automatico,95.0,Diferencia $-1256929.87
05/12/2025,1114,LA CATA ALMACEN DE VINOS,30-65905151-8,495521.72,A-00229,Banco Galicia,REF359414,automatico,95.0,Diferencia $141799.16
05/12/2025,1093,TIJUANA,27-28098851-6,270658.29,A-00198,Banco Galicia,REF106945,automatico,95.0,Diferencia $-686825.15
05/12/2025,1086,LA TABERNA RIO CUARTO,33-50240268-1,293172.72,A-00186,Banco Galicia,REF955129,automatico,95.0,Diferencia $-98072.91
05/12/2025,1012,CREEK HOUSE CLUB,27-56981693-4,875834.24,A-00074,Banco Galicia,REF248533,automatico,95.0,Diferencia $-1110345.51
05/12/2025,1100,LOS FENICIOS,30-43815614-9,456355.71,A-00210,Mercado Pago,REF237509,automatico,95.0,Diferencia $-32116.81
05/12/2025,1033,VINOTECA RUTA 2,20-49190586-5,576041.72,A-00104,Mercado Pago,REF971002,automatico,95.0,Diferencia $-277633.71
05/12/2025,1047,Copa V VIEYTES,30-74964990-9,507598.38,A-00126,Mercado Pago,REF133875,automatico,95.0,Diferencia $-25040.01
05/12/2025,1055,SIGUR VINOTECA,27-65512567-4,548969.88,A-00137,Mercado Pago,REF836879,automatico,95.0,Diferencia $181350.70
05/12/2025,1057,la union distribuidora,33-76038597-7,302989.28,A-00141,Mercado Pago,REF902448,automatico,95.0,Diferencia $-1286163.46
05/12/2025,1064,EL BOTICARIO DE GUEMES,30-05766270-2,301102.01,A-00152,Mercado Pago,REF757057,automatico,95.0,Diferencia $-992349.95
05/12/2025,1118,VINOTECA KABALIN 434,23-21418880-5,292136.79,A-00233,Banco Galicia,REF338161,automatico,95.0,Diferencia $41364.02
05/12/2025,1101,TRES AGUAS,33-40369003-4,436226.33,A-00211,Mercado Pago,REF997904,automatico,95.0,Diferencia $-393612.03
05/12/2025,1112,GREENPARADISE,27-97820715-1,194040.77,A-00226,Mercado Pago,REF516332,automatico,95.0,Diferencia $-466296.79
05/12/2025,1125,CALINA,20-51522047-2,397445.36,A-00242,Mercado Pago,REF747736,automatico,95.0,Diferencia $-150906.60
05/12/2025,1164,Lo de la mimi,30-05516940-9,330194.04,A-00293,Mercado Pago,REF331444,automatico,95.0,Diferencia $136132.96
05/12/2025,1171,LINAJE,30-52404157-4,308228.37,A-00302,Mercado Pago,REF326387,automatico,95.0,Diferencia $70029.51
05/12/2025,1225,JUAN SANCHEZ,30-92459375-2,116875.43,A-00374,Mercado Pago,REF753306,automatico,95.0,
05/12/2025,1031,LA FABRICA,33-37452991-2,764424.44,A-00102,Mercado Pago,REF272892,automatico,95.0,Diferencia $-1629782.17
05/12/2025,1124,EL TORI,20-60685361-5,227579.45,A-00241,Banco Galicia,REF657783,automatico,95.0,Diferencia $-332073.32
05/12/2025,1106,Consumidor Final,33-16453521-8,58504.94,A-00218,Mercado Pago,REF668573,automatico,95.0,Diferencia $-642940.20
05/12/2025,1185,MARIA MARIA,27-87139718-7,285599.98,A-00320,Banco Galicia,REF574379,automatico,95.0,Diferencia $101940.88
05/12/2025,1158,elf,27-80162456-5,364815.63,A-00285,Banco Galicia,REF772036,automatico,95.0,
05/12/2025,1143,CUBA INC,30-27155188-4,407938.74,A-00266,Banco Santander,REF154617,automatico,95.0,
05/12/2025,1133,LA BIRRA ES BELLA,27-30305486-8,480937.58,A-00251,Banco Santander,REF968485,automatico,95.0,
05/12/2025,1104,HUB,20-59696641-6,418224.43,A-00215,Banco Santander,REF200979,automatico,95.0,Diferencia $-380244.87
05/12/2025,1078,OCASO BAR,33-65137098-5,490450.47,A-00173,Banco Santander,REF813666,automatico,95.0,Diferencia $64503.77
05/12/2025,1077,farmacia sanchez antoniolli,33-51604817-5,145668.25,A-00172,Banco Santander,REF431246,automatico,95.0,Diferencia $-986167.49
05/12/2025,1066,IDA RESTAURANT,27-59615865-7,454939.06,A-00155,Banco Santander,REF945718,automatico,95.0,Diferencia $-52311.83
05/12/2025,1030,MARQUEZ VINOS Y LICORES,20-03309232-7,711630.82,A-00101,Banco Santander,REF235691,automatico,95.0,Diferencia $-1763372.93
05/12/2025,1024,Mr drinks,30-58760366-9,382692.97,A-00092,Banco Santander,REF544393,automatico,95.0,Diferencia $-415312.99
05/12/2025,1230,HOPPERS,33-91135290-9,107405.98,A-00380,Mercado Pago,REF786563,automatico,95.0,
05/12/2025,1239,CLUB +30 - ROUS,33-69155792-4,70165.0,A-00390,Banco Galicia,REF512509,automatico,95.0,
05/12/2025,1232,URBANO VINOTECA,30-56798250-7,103746.76,A-00382,Banco Galicia,REF792165,automatico,95.0,
05/12/2025,1229,CERVARIO,30-97968868-0,107405.99,A-00379,Banco Galicia,REF830361,automatico,95.0,Diferencia $43290.60
05/12/2025,1190,CATARSIS,23-00478686-3,257082.11,A-00326,Banco Galicia,REF519218,automatico,95.0,
05/12/2025,1221,COPA V SABATTINI,27-66183982-6,131234.35,A-00370,Banco Santander,REF827497,automatico,95.0,
05/12/2025,1188,LA CAJA,20-70462265-6,272228.75,A-00324,Banco Santander,REF710434,automatico,95.0,
06/12/2025,1013,CLUB PARAGUAY,30-08835615-9,841817.66,A-00077,Banco Santander,REF193035,automatico,95.0,Diferencia $-330042.84
06/12/2025,1030,MARQUEZ VINOS Y LICORES,20-03309232-7,354589.55,A-00101,Banco Santander,REF764259,automatico,95.0,Diferencia $-2120414.20
06/12/2025,1098,COPA V GENERAL PAZ,33-36675254-5,369746.46,A-00205,Banco Santander,REF372315,automatico,95.0,Diferencia $-6008.07
06/12/2025,1105,QHATU,27-29751613-6,273510.19,A-00217,Banco Santander,REF687569,automatico,95.0,Diferencia $-291240.81
06/12/2025,1116,SALA FORMOSA,23-91486528-1,302284.96,A-00231,Banco Santander,REF666843,automatico,95.0,Diferencia $-347204.08
06/12/2025,1176,COPA V MANANTIALES,30-24004991-5,299124.14,A-00307,Banco Santander,REF836677,automatico,95.0,
06/12/2025,1192,TUCSON ROGELIO MARTINEZ,23-11907903-0,235789.84,A-00329,Banco Santander,REF281301,automatico,95.0,
06/12/2025,1215,CENTRO DE PRODUCCION COC,30-21850163-1,149367.24,A-00362,Banco Santander,REF941792,automatico,95.0,Diferencia $39699.25
06/12/2025,1024,Mr drinks,30-58760366-9,272734.26,A-00092,Banco Santander,REF581294,automatico,95.0,Diferencia $-525271.70
06/12/2025,1233,ESPACIO GOURMET RIO CUARTO,27-61125457-3,94919.88,A-00383,Banco Santander,REF780956,automatico,95.0,Diferencia $-2887.57
06/12/2025,1085,BRANDY ALTA GRACIA,23-28421020-5,483352.48,A-00185,Mercado Pago,REF389340,automatico,95.0,Diferencia $-545911.67
06/12/2025,1004,DRICKA,33-35348740-1,4325315.88,A-00052,Mercado Pago,REF326222,automatico,95.0,Diferencia $-575691.74
06/12/2025,1159,WORT,30-09835841-6,353462.68,A-00286,Banco Galicia,REF648615,automatico,95.0,
06/12/2025,1152,el oficio,27-73647102-7,378587.46,A-00278,Banco Galicia,REF913608,automatico,95.0,
06/12/2025,1129,SYRAH nueva cba,20-95396218-5,264511.19,A-00247,Banco Galicia,REF133278,automatico,95.0,Diferencia $-88580.04
06/12/2025,1106,Consumidor Final,33-16453521-8,376338.02,A-00218,Banco Galicia,REF699405,automatico,95.0,Diferencia $-325107.12
06/12/2025,1103,PUNTO NUÑEZ,33-38851606-0,491787.75,A-00214,Banco Galicia,REF689444,automatico,95.0,Diferencia $-330290.88
06/12/2025,1080,COPA V RECTA,20-38267586-9,469304.52,A-00177,Banco Galicia,REF633036,automatico,95.0,Diferencia $-312883.87
06/12/2025,1067,campa bar,33-13431611-7,739100.11,A-00158,Banco Galicia,REF697856,automatico,95.0,Diferencia $78888.36
06/12/2025,1063,NEGRONI,27-88675339-6,329848.36,A-00151,Banco Galicia,REF420310,automatico,95.0,Diferencia $-970188.40
06/12/2025,1061,HANNOVER CARCANO,30-39821465-8,848663.19,A-00148,Banco Galicia,REF173199,automatico,95.0,Diferencia $87516.82
06/12/2025,1054,HOOD,23-78742967-1,952645.51,A-00136,Banco Galicia,REF783176,automatico,95.0,Diferencia $-734843.44
06/12/2025,1037,DAV COUNTRY,30-52735454-9,975751.1,A-00112,Banco Galicia,REF166412,automatico,95.0,Diferencia $-1261743.88
06/12/2025,1021,ALMACEN 1810,30-98687277-4,969245.45,A-00088,Banco Galicia,REF297064,automatico,95.0,Diferencia $-2633907.22
06/12/2025,1012,CREEK HOUSE CLUB,27-56981693-4,1687567.42,A-00074,Banco Galicia,REF987599,automatico,95.0,Diferencia $-298612.33
06/12/2025,1008,E24,33-23226025-6,791517.64,A-00066,Banco Galicia,REF237057,automatico,95.0,Diferencia $-2430970.21
06/12/2025,1218,MILA RESTO,20-42626551-1,137404.65,A-00366,Banco Galicia,REF863873,automatico,95.0,Diferencia $62262.79
06/12/2025,1241,DE A DEVERAS CERRO,30-92966278-2,65370.78,A-00393,Mercado Pago,REF417012,automatico,95.0,
06/12/2025,1005,CHILLI STREET CLUB,27-00524278-6,3624003.04,A-00056,Banco Galicia,REF424314,automatico,95.0,Diferencia $186263.22
06/12/2025,1016,TUTE MORTERO,23-69957773-8,1228565.94,A-00082,Mercado Pago,REF293862,automatico,95.0,Diferencia $-3942954.26
06/12/2025,1081,SANTA BARBARA HOUSING,30-17964053-7,379986.45,A-00178,Mercado Pago,REF766764,automatico,95.0,Diferencia $47306.11
06/12/2025,1084,ANONIMO MANANTIALES,20-83933529-0,174186.94,A-00183,Mercado Pago,REF832377,automatico,95.0,Diferencia $-166908.45
06/12/2025,1106,Consumidor Final,33-16453521-8,156539.24,A-00218,Mercado Pago,REF734792,automatico,95.0,Diferencia $-544905.90
06/12/2025,1000,PRITTY,27-35346247-5,14000722.22,A-00003,Mercado Pago,REF102593,automatico,95.0,Diferencia $-7265635.52
06/12/2025,1145,LA MISTICA,27-89578291-1,403153.86,A-00269,Mercado Pago,REF755498,automatico,95.0,Diferencia $-2056.72
06/12/2025,1154,LE PARC,27-88153714-7,375697.74,A-00280,Mercado Pago,REF350385,automatico,95.0,
06/12/2025,1155,DON CAMPESTRE,23-10469632-5,369587.0,A-00282,Mercado Pago,REF790266,automatico,95.0,Diferencia $159148.67
06/12/2025,1181,ALMACEN CAMPO DE VUELO,27-53017426-8,287851.92,A-00313,Mercado Pago,REF532373,automatico,95.0,
06/12/2025,1197,OPORTO BEBIDAS,23-70866882-6,228111.87,A-00337,Mercado Pago,REF956835,automatico,95.0,Diferencia $55020.31
06/12/2025,1140,ALTO TEJEDA GREGORIO GAVIER,33-27557192-8,428399.97,A-00261,Mercado Pago,REF863611,automatico,95.0,
06/12/2025,1213,LA FONDA,27-01489025-0,157433.75,A-00359,Mercado Pago,REF787247,automatico,95.0,Diferencia $42616.01
07/12/2025,1093,TIJUANA,27-28098851-6,258409.95,A-00198,Banco Galicia,REF667776,automatico,95.0,Diferencia $-699073.49
07/12/2025,1123,Ramen Factory,20-24782613-7,155751.35,A-00239,Banco Galicia,REF183057,automatico,95.0,Diferencia $-2812.36
07/12/2025,1127,FELICITAS CATERING,20-43410369-7,410760.65,A-00244,Banco Galicia,REF108602,automatico,95.0,Diferencia $-108435.29
07/12/2025,1153,VIDON NUEVA CORDOBA,30-73592555-6,378587.46,A-00279,Banco Galicia,REF119629,automatico,95.0,
07/12/2025,1176,COPA V MANANTIALES,30-24004991-5,291397.83,A-00307,Banco Galicia,REF289159,automatico,95.0,Diferencia $-7726.31
07/12/2025,1173,KIOSKO AVALANCHA,23-08330165-7,302132.4,A-00304,Banco Galicia,REF651752,automatico,95.0,
07/12/2025,1088,TRESCA VINILOS Y COPAS,33-47007661-7,349063.15,A-00190,Banco Galicia,REF907369,automatico,95.0,Diferencia $-659590.00
07/12/2025,1178,ZEN DISCO,23-74205493-2,297942.75,A-00310,Banco Galicia,REF789472,automatico,95.0,Diferencia $98736.77
07/12/2025,1184,ALTO TEJEDA WARCALDE,20-91088398-2,285599.98,A-00318,Banco Galicia,REF880746,automatico,95.0,Diferencia $60788.34
07/12/2025,1196,THE BARBEER,30-62462873-3,228985.95,A-00335,Banco Galicia,REF158639,automatico,95.0,Diferencia $92400.26
07/12/2025,1210,LO QUE PINTE,27-61567933-4,162968.02,A-00354,Banco Galicia,REF703998,automatico,95.0,
07/12/2025,1163,FRANCIS,30-94958887-9,334420.0,A-00291,Banco Galicia,REF651363,automatico,95.0,
07/12/2025,1083,CAZONA,30-13900532-9,224547.6,A-00182,Banco Galicia,REF726495,automatico,95.0,Diferencia $-819363.95
07/12/2025,1077,farmacia sanchez antoniolli,33-51604817-5,247847.34,A-00172,Banco Santander,REF211760,automatico,95.0,Diferencia $-883988.40
07/12/2025,1071,alejandro sileoni,33-21759464-7,548942.43,A-00165,Banco Santander,REF141094,automatico,95.0,Diferencia $-647261.57
07/12/2025,1082,SUSHI ROLL TO GO,23-51585064-3,596900.97,A-00181,Banco Santander,REF332542,automatico,95.0,Diferencia $-200929.96
07/12/2025,1156,BOERR CAFE,23-27877470-1,367566.83,A-00283,Banco Santander,REF816412,automatico,95.0,
07/12/2025,1201,GATA MAULA,23-85467854-4,189400.27,A-00342,Banco Santander,REF649855,automatico,95.0,
07/12/2025,1046,Kiosko gaviota,20-31869993-8,822250.72,A-00124,Banco Galicia,REF126499,automatico,95.0,Diferencia $-3250.13
07/12/2025,1020,MOSCU,20-83172788-9,2088650.81,A-00087,Banco Galicia,REF447596,automatico,95.0,Diferencia $-1694764.63
07/12/2025,1014,EL CUARTITO,20-48465648-2,734052.16,A-00079,Banco Galicia,REF336540,automatico,95.0,Diferencia $-2548032.68
07/12/2025,1012,CREEK HOUSE CLUB,27-56981693-4,1777291.77,A-00074,Banco Galicia,REF482614,automatico,95.0,Diferencia $-208887.98
07/12/2025,1011,ROSARIO,33-50142940-1,1754230.07,A-00072,Banco Galicia,REF243902,automatico,95.0,Diferencia $-6411860.66
07/12/2025,1212,SARSA FUSION,30-65918033-9,162614.01,A-00357,Banco Galicia,REF299742,automatico,95.0,
07/12/2025,1007,FRUTA CERRO,20-45053315-8,1178753.2,A-00063,Banco Santander,REF911102,automatico,95.0,Diferencia $-897231.79
07/12/2025,1025,RAIZ FUEGO MOVIL,33-67054668-8,1034441.18,A-00094,Mercado Pago,REF605139,automatico,95.0,Diferencia $-2189542.83
07/12/2025,1168,COSTA WARCALDE,30-86527858-5,322217.97,A-00297,Mercado Pago,REF932831,automatico,95.0,
07/12/2025,1234,EL PATIO DE LA CAÑADA,27-71775140-1,96969.21,A-00384,Mercado Pago,REF499194,automatico,95.0,
07/12/2025,1198,MESON GAUSS,27-35175183-0,220373.5,A-00339,Mercado Pago,REF226395,automatico,95.0,Diferencia $55541.68
07/12/2025,1182,MENOS UNO VINOTECA,20-45933272-7,286861.02,A-00315,Mercado Pago,REF439162,automatico,95.0,Diferencia $83855.00
07/12/2025,1175,COPA V ARMADA ARGENTINA,20-19380262-0,299124.14,A-00306,Mercado Pago,REF903506,automatico,95.0,
07/12/2025,1131,SALVE BAR,27-05153195-2,495058.04,A-00249,Mercado Pago,REF592984,automatico,95.0,
07/12/2025,1122,TRES CALAVERAS,33-24075818-1,421570.26,A-00238,Mercado Pago,REF362035,automatico,95.0,Diferencia $-174277.11
07/12/2025,1119,PROEZA,33-62229270-6,204364.62,A-00235,Mercado Pago,REF111068,automatico,95.0,Diferencia $-428054.82
07/12/2025,1085,BRANDY ALTA GRACIA,23-28421020-5,161427.53,A-00185,Mercado Pago,REF470281,automatico,95.0,Diferencia $-867836.62
07/12/2025,1112,GREENPARADISE,27-97820715-1,466296.79,A-00226,Mercado Pago,REF166891,automatico,95.0,Diferencia $-194040.77
07/12/2025,1076,OLEO,23-47451712-3,455886.49,A-00171,Mercado Pago,REF600318,automatico,95.0,Diferencia $-704574.78
07/12/2025,1065,DRINKS BARRIO JARDIN,20-71870262-1,272705.8,A-00153,Mercado Pago,REF669868,automatico,95.0,Diferencia $-297431.11
07/12/2025,1053,Chacra De Luna,33-40139904-9,196728.05,A-00134,Mercado Pago,REF934883,automatico,95.0,Diferencia $-436498.24
07/12/2025,1048,Route 66,23-34123281-2,939578.29,A-00129,Mercado Pago,REF926394,automatico,95.0,Diferencia $-385568.99
07/12/2025,1033,VINOTECA RUTA 2,20-49190586-5,198051.92,A-00104,Mercado Pago,REF747703,automatico,95.0,Diferencia $-655623.51
07/12/2025,1029,Eduardo bruno v maria,27-64170805-3,351500.99,A-00100,Mercado Pago,REF697062,automatico,95.0,Diferencia $-2296083.01
07/12/2025,1003,NPJ,33-41241182-4,4685369.04,A-00047,Mercado Pago,REF680278,automatico,95.0,Diferencia $-17592.17
07/12/2025,1002,BONPRIX,27-13542784-9,4673693.27,A-00037,Mercado Pago,REF413791,automatico,95.0,Diferencia $-282121.71
07/12/2025,1081,SANTA BARBARA HOUSING,30-17964053-7,351164.98,A-00178,Mercado Pago,REF195513,automatico,95.0,Diferencia $18484.64
08/12/2025,1073,OSLOW,20-64090974-3,290297.85,A-00167,Mercado Pago,REF172187,automatico,95.0,Diferencia $-881887.79
08/12/2025,1064,EL BOTICARIO DE GUEMES,30-05766270-2,539327.77,A-00152,Mercado Pago,REF179062,automatico,95.0,Diferencia $-754124.19
08/12/2025,1072,DRINK BOX,23-67136959-4,295620.66,A-00166,Mercado Pago,REF530720,automatico,95.0,Diferencia $-880607.87
08/12/2025,1074,Alta gracia rugby,23-39421047-0,244121.19,A-00168,Mercado Pago,REF921945,automatico,95.0,Diferencia $-918947.88
08/12/2025,1090,COLIFA BAR,30-98478961-1,298443.9,A-00193,Mercado Pago,REF110195,automatico,95.0,Diferencia $23300.41
08/12/2025,1180,Mercadito San antonio,20-46374549-9,287804.5,A-00312,Banco Santander,REF676802,automatico,95.0,Diferencia $-2156.70
08/12/2025,1091,Tomis distribuidora,30-73657661-5,244393.9,A-00195,Mercado Pago,REF470711,automatico,95.0,Diferencia $-725611.06
08/12/2025,1094,LA REINA EMPANADAS,30-04945198-3,553916.43,A-00200,Mercado Pago,REF616256,automatico,95.0,Diferencia $74341.18
08/12/2025,1049,tomas quiroga,30-79740344-7,996897.1,A-00130,Mercado Pago,REF302897,automatico,95.0,Diferencia $-823786.55
08/12/2025,1075,Lu Jaitt Wedding,23-14562328-5,348360.09,A-00169,Mercado Pago,REF549793,automatico,95.0,Diferencia $-221730.43
08/12/2025,1047,Copa V VIEYTES,30-74964990-9,668568.96,A-00126,Mercado Pago,REF574579,automatico,95.0,Diferencia $135930.57
08/12/2025,1092,Palma Sunset,27-45271111-6,265497.65,A-00196,Banco Santander,REF312616,automatico,95.0,Diferencia $-32533.70
08/12/2025,1034,DISTRIBUIDORA DE LA RIVA,33-50671657-2,1184034.88,A-00107,Banco Santander,REF409698,automatico,95.0,Diferencia $-439028.35
08/12/2025,1036,SEBASTIAN ESTRELLA,23-14737996-5,810177.48,A-00110,Banco Santander,REF829987,automatico,95.0,Diferencia $61198.16
08/12/2025,1042,CATCH,27-98941343-5,710785.92,A-00119,Banco Santander,REF836201,automatico,95.0,Diferencia $250612.97
08/12/2025,1059,VINOTECA LA RECTA,23-48086131-7,216448.24,A-00143,Banco Santander,REF292930,automatico,95.0,Diferencia $-271093.88
08/12/2025,1066,IDA RESTAURANT,27-59615865-7,219404.18,A-00155,Banco Santander,REF592489,automatico,95.0,Diferencia $-287846.71
08/12/2025,1071,alejandro sileoni,33-21759464-7,131702.43,A-00165,Banco Santander,REF274421,automatico,95.0,Diferencia $-1064501.57
08/12/2025,1077,farmacia sanchez antoniolli,33-51604817-5,326944.62,A-00172,Banco Santander,REF783226,automatico,95.0,Diferencia $-804891.12
08/12/2025,1089,dionisio II,20-15921249-9,583860.46,A-00192,Banco Santander,REF605382,automatico,95.0,Diferencia $-219834.55
08/12/2025,1115,drinks villa maria,27-49251925-4,321629.23,A-00230,Banco Santander,REF979249,automatico,95.0,Diferencia $-328077.85
08/12/2025,1121,SENTILO CERRO,27-97746886-2,360892.87,A-00237,Banco Santander,REF551344,automatico,95.0,Diferencia $-262644.57
08/12/2025,1040,VINOTECA PEDROS,30-88568557-4,490720.36,A-00115,Mercado Pago,REF118632,automatico,95.0,Diferencia $-499872.75
08/12/2025,1096,BLEND BEBIDAS RIO CUARTO,33-99809402-4,220393.16,A-00202,Mercado Pago,REF819678,automatico,95.0,Diferencia $-723093.33
08/12/2025,1139,DIA 1 PRODUCCIONES,33-70213556-9,440541.99,A-00260,Banco Santander,REF427270,automatico,95.0,Diferencia $147045.28
08/12/2025,1151,setenta treinta rio cuarto,20-94396907-8,381281.04,A-00277,Mercado Pago,REF376141,automatico,95.0,
08/12/2025,1004,DRICKA,33-35348740-1,2254477.23,A-00053,Mercado Pago,REF163406,automatico,95.0,Diferencia $543478.31
08/12/2025,1025,RAIZ FUEGO MOVIL,33-67054668-8,949812.43,A-00094,Mercado Pago,REF389913,automatico,95.0,Diferencia $-2274171.58
08/12/2025,1187,MAB DRINKS,30-40391065-1,278467.42,A-00323,Banco Galicia,REF245131,automatico,95.0,
08/12/2025,1157,CAELIA,33-73395004-7,366587.9,A-00284,Banco Galicia,REF261618,automatico,95.0,
08/12/2025,1113,BEBIDAS Y ALGO MAS,20-37788925-5,375764.53,A-00227,Banco Galicia,REF516297,automatico,95.0,Diferencia $-278060.27
08/12/2025,1111,MARCELA DECIMA,33-98679807-9,335728.26,A-00225,Banco Galicia,REF995706,automatico,95.0,Diferencia $-53236.51
08/12/2025,1107,VALLE WINES,33-83552312-4,391954.67,A-00219,Banco Galicia,REF912378,automatico,95.0,Diferencia $-296116.99
08/12/2025,1099,PIZZA ITALIA,20-22901476-7,249666.47,A-00207,Banco Galicia,REF544536,automatico,95.0,Diferencia $-117445.11
08/12/2025,1097,414 GALERIA,27-50229612-0,518986.54,A-00204,Banco Galicia,REF112394,automatico,95.0,Diferencia $11519.15
08/12/2025,1027,VINOTECA LA FALDA,23-98069901-6,378616.48,A-00096,Banco Galicia,REF789558,automatico,95.0,Diferencia $-804200.28
08/12/2025,1023,ROJO MALBEC,27-81223623-1,1303869.93,A-00091,Banco Galicia,REF152062,automatico,95.0,Diferencia $-2141498.43
08/12/2025,1010,ROASIO RIO CUARTO,23-30365414-5,1514354.14,A-00071,Banco Galicia,REF167603,automatico,95.0,Diferencia $-7391772.52
08/12/2025,1009,POINT (EX KUARTETO CLUB),27-21607337-5,1312768.58,A-00069,Banco Galicia,REF142288,automatico,95.0,Diferencia $90104.31
08/12/2025,1006,Belgrano Bebidas S.R.L,20-12805982-6,4301030.26,A-00061,Banco Galicia,REF264951,automatico,95.0,Diferencia $272043.60
08/12/2025,1126,PLACERES TERRENALES,30-90104328-9,201175.26,A-00243,Banco Santander,REF259540,automatico,95.0,Diferencia $-326695.70
08/12/2025,1237,RICCIONE BURGER,33-66033419-1,89316.15,A-00387,Mercado Pago,REF847078,automatico,95.0,
08/12/2025,1216,DRINKING,33-99650477-3,142799.99,A-00363,Mercado Pago,REF561859,automatico,95.0,
08/12/2025,1193,SCABY DOO,30-38302843-9,233085.06,A-00330,Mercado Pago,REF823092,automatico,95.0,
08/12/2025,1166,VIDON BARRIO JARDIN,23-30913075-6,321908.24,A-00295,Mercado Pago,REF590795,automatico,95.0,Diferencia $-2988.42
09/12/2025,1120,SKALL,23-79473834-7,312126.47,A-00236,Banco Santander,REF615827,automatico,95.0,Diferencia $-316295.90
09/12/2025,1082,SUSHI ROLL TO GO,23-51585064-3,449660.8,A-00181,Banco Santander,REF738613,automatico,95.0,Diferencia $-348170.13
09/12/2025,1070,Way Out Producciones,30-92374740-7,415224.43,A-00163,Banco Santander,REF602290,automatico,95.0,Diferencia $-116423.35
09/12/2025,1055,SIGUR VINOTECA,27-65512567-4,309530.97,A-00137,Mercado Pago,REF556379,automatico,95.0,Diferencia $-58088.21
09/12/2025,1004,DRICKA,33-35348740-1,2742833.4,A-00052,Mercado Pago,REF400404,automatico,95.0,Diferencia $-2158174.22
09/12/2025,1056,LA FERNECERIA,33-07154516-8,170143.88,A-00139,Mercado Pago,REF573039,automatico,95.0,Diferencia $-365478.86
09/12/2025,1062,DADDY BEBIDAS CORDILLERA,20-44997278-7,392265.83,A-00149,Mercado Pago,REF846794,automatico,95.0,Diferencia $-67911.92
09/12/2025,1076,OLEO,23-47451712-3,239701.36,A-00171,Mercado Pago,REF187889,automatico,95.0,Diferencia $-920759.91
09/12/2025,1101,TRES AGUAS,33-40369003-4,393612.03,A-00211,Mercado Pago,REF252928,automatico,95.0,Diferencia $-436226.33
09/12/2025,1051,GRAPPA,20-02499471-7,231716.69,A-00132,Mercado Pago,REF922116,automatico,95.0,Diferencia $-1517162.53
09/12/2025,1113,BEBIDAS Y ALGO MAS,20-37788925-5,278060.27,A-00227,Banco Galicia,REF187295,automatico,95.0,Diferencia $-375764.53
09/12/2025,1108,Hacienda La Madura,23-92127799-7,347713.76,A-00220,Banco Galicia,REF251884,automatico,95.0,Diferencia $-340297.63
09/12/2025,1037,DAV COUNTRY,30-52735454-9,552506.49,A-00112,Banco Galicia,REF429502,automatico,95.0,Diferencia $-1684988.49
09/12/2025,1060,CONSUMIDOR FINAL FACU,23-74846773-7,457754.98,A-00145,Banco Galicia,REF307007,automatico,95.0,Diferencia $-145486.42
09/12/2025,1045,ucfa,30-11671902-2,279117.2,A-00123,Banco Galicia,REF844858,automatico,95.0,Diferencia $-1653114.06
09/12/2025,1019,JANGADERO EX SHADDY,30-76320163-2,386211.8,A-00085,Mercado Pago,REF716493,automatico,95.0,Diferencia $-546217.90
09/12/2025,1050,CLIN VINOTECA general paz,23-49361832-4,260265.55,A-00131,Mercado Pago,REF987110,automatico,95.0,Diferencia $-1527046.96
09/12/2025,1028,EL ZORRO,30-20465375-5,1116890.99,A-00098,Mercado Pago,REF447411,automatico,95.0,Diferencia $-178712.00
09/12/2025,1032,UNPLUGGED,20-90496631-9,348378.67,A-00103,Mercado Pago,REF537020,automatico,95.0,Diferencia $-2001403.05
09/12/2025,1005,CHILLI STREET CLUB,27-00524278-6,4188912.91,A-00055,Banco Galicia,REF790017,automatico,95.0,Diferencia $-589722.47
09/12/2025,1017,IMPERIO VINOTECA,23-14895134-3,375573.34,A-00083,Banco Galicia,REF597889,automatico,95.0,Diferencia $-4284337.53
09/12/2025,1068,Hannover Florida,27-00504556-2,270686.47,A-00159,Banco Galicia,REF461792,automatico,95.0,Diferencia $-31767.79
10/12/2025,1032,UNPLUGGED,20-90496631-9,328882.51,A-00103,Mercado Pago,REF229598,automatico,95.0,Diferencia $-2020899.21
10/12/2025,1052,cassette,30-48877190-6,375896.54,A-00133,Mercado Pago,REF329056,automatico,95.0,Diferencia $-1357914.25
10/12/2025,1074,Alta gracia rugby,23-39421047-0,331535.6,A-00168,Mercado Pago,REF888930,automatico,95.0,Diferencia $-831533.47
10/12/2025,1081,SANTA BARBARA HOUSING,30-17964053-7,323709.08,A-00178,Mercado Pago,REF594580,automatico,95.0,Diferencia $-8971.26
10/12/2025,1084,ANONIMO MANANTIALES,20-83933529-0,446395.71,A-00183,Mercado Pago,REF277715,automatico,95.0,Diferencia $105300.32
10/12/2025,1091,Tomis distribuidora,30-73657661-5,435285.62,A-00195,Mercado Pago,REF701581,automatico,95.0,Diferencia $-534719.34
10/12/2025,1022,bamboo eventos,27-87347143-4,373210.89,A-00089,Mercado Pago,REF387286,automatico,95.0,Diferencia $-1036486.54
10/12/2025,1085,BRANDY ALTA GRACIA,23-28421020-5,384484.14,A-00185,Mercado Pago,REF525146,automatico,95.0,Diferencia $-644780.01
10/12/2025,1044,SUMMER HOUSE,20-09477752-0,264645.15,A-00122,Banco Santander,REF884782,automatico,95.0,Diferencia $-1707616.68
10/12/2025,1013,CLUB PARAGUAY,30-08835615-9,2570569.3,A-00078,Banco Santander,REF802571,automatico,95.0,Diferencia $-421235.95
10/12/2025,1059,VINOTECA LA RECTA,23-48086131-7,364344.74,A-00143,Banco Santander,REF975297,automatico,95.0,Diferencia $-123197.38
10/12/2025,1006,Belgrano Bebidas S.R.L,20-12805982-6,2858339.63,A-00061,Banco Galicia,REF207903,automatico,95.0,Diferencia $-1170647.03
10/12/2025,1038,FULLSKAVIO,33-08313678-3,743044.43,A-00113,Banco Galicia,REF795951,automatico,95.0,Diferencia $-1464650.43
10/12/2025,1061,HANNOVER CARCANO,30-39821465-8,150640.23,A-00147,Banco Galicia,REF572536,automatico,95.0,Diferencia $-549873.50
10/12/2025,1124,EL TORI,20-60685361-5,332073.32,A-00241,Banco Galicia,REF532961,automatico,95.0,Diferencia $-227579.45
10/12/2025,1024,Mr drinks,30-58760366-9,324349.75,A-00092,Banco Santander,REF589368,automatico,95.0,Diferencia $-473656.21
11/12/2025,1117,LA BARRACA,33-50542357-3,260340.69,A-00232,Mercado Pago,REF770864,automatico,95.0,Diferencia $-383589.02
11/12/2025,1115,drinks villa maria,27-49251925-4,328077.85,A-00230,Banco Santander,REF136862,automatico,95.0,Diferencia $-321629.23
11/12/2025,1105,QHATU,27-29751613-6,446363.48,A-00217,Banco Santander,REF949363,automatico,95.0,Diferencia $-118387.52
11/12/2025,1032,UNPLUGGED,20-90496631-9,317887.59,A-00103,Mercado Pago,REF597440,automatico,95.0,Diferencia $-2031894.13
11/12/2025,1087,CUATRO CEPAS,30-75891783-9,268071.87,A-00188,Mercado Pago,REF685766,automatico,95.0,Diferencia $-65117.49
11/12/2025,1079,MONJE NEGRO,20-74612004-7,218655.29,A-00175,Mercado Pago,REF517469,automatico,95.0,Diferencia $-870067.96
11/12/2025,1073,OSLOW,20-64090974-3,361286.15,A-00167,Mercado Pago,REF504186,automatico,95.0,Diferencia $-810899.49
11/12/2025,1065,DRINKS BARRIO JARDIN,20-71870262-1,504666.92,A-00153,Mercado Pago,REF785672,automatico,95.0,Diferencia $-65469.99
11/12/2025,1057,la union distribuidora,33-76038597-7,321066.96,A-00141,Mercado Pago,REF962057,automatico,95.0,Diferencia $-1268085.78
11/12/2025,1056,LA FERNECERIA,33-07154516-8,140919.45,A-00139,Mercado Pago,REF554059,automatico,95.0,Diferencia $-394703.29
11/12/2025,1030,MARQUEZ VINOS Y LICORES,20-03309232-7,148432.03,A-00101,Banco Santander,REF549865,automatico,95.0,Diferencia $-2326571.72
11/12/2025,1026,FRUTA NUEVA CORDOBA,30-34670656-2,1183228.6,A-00095,Banco Santander,REF538897,automatico,95.0,Diferencia $-1733163.08
11/12/2025,1007,FRUTA CERRO,20-45053315-8,1599571.66,A-00063,Banco Santander,REF443199,automatico,95.0,Diferencia $-476413.33
11/12/2025,1053,Chacra De Luna,33-40139904-9,223578.93,A-00134,Mercado Pago,REF666479,automatico,95.0,Diferencia $-409647.36
11/12/2025,1095,GURUPA,30-31585149-3,429389.44,A-00201,Mercado Pago,REF886609,automatico,95.0,Diferencia $-519553.31
11/12/2025,1102,TESKA,23-44510762-2,397370.83,A-00212,Banco Santander,REF241003,automatico,95.0,Diferencia $2587.68
11/12/2025,1071,alejandro sileoni,33-21759464-7,128590.34,A-00165,Banco Santander,REF288783,automatico,95.0,Diferencia $-1067613.66
11/12/2025,1031,LA FABRICA,33-37452991-2,618790.44,A-00102,Mercado Pago,REF522986,automatico,95.0,Diferencia $-1775416.17
11/12/2025,1118,VINOTECA KABALIN 434,23-21418880-5,348779.29,A-00234,Banco Galicia,REF563324,automatico,95.0,Diferencia $-41364.02
11/12/2025,1067,campa bar,33-13431611-7,122788.26,A-00157,Banco Galicia,REF785428,automatico,95.0,Diferencia $-464982.59
11/12/2025,1060,CONSUMIDOR FINAL FACU,23-74846773-7,389068.94,A-00145,Banco Galicia,REF610856,automatico,95.0,Diferencia $-214172.46
11/12/2025,1043,Aldeano Restaurante Bar,27-08240084-2,273222.91,A-00121,Banco Galicia,REF717413,automatico,95.0,Diferencia $-1707094.19
11/12/2025,1011,ROSARIO,33-50142940-1,973590.79,A-00072,Banco Galicia,REF773870,automatico,95.0,Diferencia $-7192499.94
11/12/2025,1006,Belgrano Bebidas S.R.L,20-12805982-6,1987713.93,A-00060,Banco Galicia,REF220936,automatico,95.0,Diferencia $585301.23
11/12/2025,1001,RPB S.A,20-79911838-4,14890601.17,A-00023,Mercado Pago,REF387330,automatico,95.0,Diferencia $-94685.56
11/12/2025,1015,DISTRIBUIDORA SUR.,30-62994680-4,1250310.57,A-00081,Mercado Pago,REF614796,automatico,95.0,Diferencia $-5867609.43
11/12/2025,1022,bamboo eventos,27-87347143-4,324528.07,A-00089,Mercado Pago,REF586768,automatico,95.0,Diferencia $-1085169.36
11/12/2025,1010,ROASIO RIO CUARTO,23-30365414-5,959437.8,A-00071,Banco Galicia,REF777366,automatico,95.0,Diferencia $-7946688.86
12/12/2025,1013,CLUB PARAGUAY,30-08835615-9,1942137.09,A-00078,Banco Santander,REF452058,automatico,95.0,Diferencia $-1049668.16
12/12/2025,1061,HANNOVER CARCANO,30-39821465-8,458959.33,A-00147,Banco Galicia,REF791454,automatico,95.0,Diferencia $-241554.40
12/12/2025,1066,IDA RESTAURANT,27-59615865-7,389114.02,A-00155,Banco Santander,REF141843,automatico,95.0,Diferencia $-118136.87
12/12/2025,1010,ROASIO RIO CUARTO,23-30365414-5,871622.66,A-00071,Banco Galicia,REF235047,automatico,95.0,Diferencia $-8034504.00
12/12/2025,1038,FULLSKAVIO,33-08313678-3,209480.19,A-00113,Banco Galicia,REF503572,automatico,95.0,Diferencia $-1998214.67
12/12/2025,1041,DISTRIBUIDORA MARCONI,27-31351823-3,532979.0,A-00117,Banco Galicia,REF687360,automatico,95.0,Diferencia $-116449.72
12/12/2025,1034,DISTRIBUIDORA DE LA RIVA,33-50671657-2,312983.96,A-00106,Banco Santander,REF674765,automatico,95.0,Diferencia $-367952.81
12/12/2025,1039,Michelle Catering,30-70143634-9,399956.79,A-00114,Banco Santander,REF333524,automatico,95.0,Diferencia $-1768078.34
12/12/2025,1042,CATCH,27-98941343-5,330975.03,A-00119,Banco Santander,REF272129,automatico,95.0,Diferencia $-129197.92
12/12/2025,1078,OCASO BAR,33-65137098-5,346459.09,A-00173,Banco Santander,REF313588,automatico,95.0,Diferencia $-79487.61
12/12/2025,1069,Hoffen Catering & Planners,33-69222196-9,327026.69,A-00161,Banco Galicia,REF295984,automatico,95.0,Diferencia $-82625.09
12/12/2025,1098,COPA V GENERAL PAZ,33-36675254-5,485349.87,A-00206,Banco Santander,REF375617,automatico,95.0,Diferencia $6008.07
12/12/2025,1092,Palma Sunset,27-45271111-6,398911.32,A-00196,Banco Santander,REF976960,automatico,95.0,Diferencia $100879.97
12/12/2025,1119,PROEZA,33-62229270-6,428054.82,A-00235,Mercado Pago,REF954987,automatico,95.0,Diferencia $-204364.62
12/12/2025,1106,Consumidor Final,33-16453521-8,151246.08,A-00218,Mercado Pago,REF384424,automatico,95.0,Diferencia $-550199.06
12/12/2025,1087,CUATRO CEPAS,30-75891783-9,433864.09,A-00188,Mercado Pago,REF408545,automatico,95.0,Diferencia $100674.73
12/12/2025,1065,DRINKS BARRIO JARDIN,20-71870262-1,497612.5,A-00153,Mercado Pago,REF483588,automatico,95.0,Diferencia $-72524.41
12/12/2025,1064,EL BOTICARIO DE GUEMES,30-05766270-2,449053.56,A-00152,Mercado Pago,REF762308,automatico,95.0,Diferencia $-844398.40
12/12/2025,1058,La generosa.vinos,23-48247710-9,220404.12,A-00142,Mercado Pago,REF933635,automatico,95.0,Diferencia $-1346748.96
12/12/2025,1046,Kiosko gaviota,20-31869993-8,515610.62,A-00124,Banco Galicia,REF155642,automatico,95.0,Diferencia $-309890.23
12/12/2025,1033,VINOTECA RUTA 2,20-49190586-5,427352.69,A-00104,Mercado Pago,REF219550,automatico,95.0,Diferencia $-426322.74
12/12/2025,1001,RPB S.A,20-79911838-4,13557877.74,A-00022,Mercado Pago,REF477943,automatico,95.0,Diferencia $633393.94
12/12/2025,1088,TRESCA VINILOS Y COPAS,33-47007661-7,320696.3,A-00190,Banco Galicia,REF456160,automatico,95.0,Diferencia $-687956.85
12/12/2025,1045,ucfa,30-11671902-2,340066.4,A-00123,Banco Galicia,REF469348,automatico,95.0,Diferencia $-1592164.86
12/12/2025,1053,Chacra De Luna,33-40139904-9,375117.2,A-00134,Mercado Pago,REF125905,automatico,95.0,Diferencia $-258109.09
12/12/2025,1126,PLACERES TERRENALES,30-90104328-9,326695.7,A-00243,Banco Santander,REF660957,automatico,95.0,Diferencia $-201175.26
13/12/2025,1068,Hannover Florida,27-00504556-2,394938.46,A-00159,Banco Galicia,REF605529,automatico,95.0,Diferencia $92484.20
13/12/2025,1035,ALMACEN SHIZEN,23-84987769-4,137599.09,A-00108,Banco Galicia,REF954551,automatico,95.0,Diferencia $-486751.13
13/12/2025,1008,E24,33-23226025-6,2289891.04,A-00066,Banco Galicia,REF373668,automatico,95.0,Diferencia $-932596.81
13/12/2025,1106,Consumidor Final,33-16453521-8,311284.7,A-00218,Banco Galicia,REF174809,automatico,95.0,Diferencia $-390160.44
13/12/2025,1047,Copa V VIEYTES,30-74964990-9,398510.37,A-00126,Mercado Pago,REF808340,automatico,95.0,Diferencia $-134128.02
13/12/2025,1048,Route 66,23-34123281-2,319924.85,A-00128,Mercado Pago,REF879794,automatico,95.0,Diferencia $-245560.24
13/12/2025,1121,SENTILO CERRO,27-97746886-2,262644.57,A-00237,Banco Santander,REF726003,automatico,95.0,Diferencia $-360892.87
13/12/2025,1074,Alta gracia rugby,23-39421047-0,293289.23,A-00168,Mercado Pago,REF605666,automatico,95.0,Diferencia $-869779.84
13/12/2025,1015,DISTRIBUIDORA SUR.,30-62994680-4,413325.05,A-00081,Mercado Pago,REF478356,automatico,95.0,Diferencia $-6704594.95
13/12/2025,1028,EL ZORRO,30-20465375-5,375365.69,A-00098,Mercado Pago,REF714015,automatico,95.0,Diferencia $-920237.30
13/12/2025,1000,PRITTY,27-35346247-5,28781914.19,A-00002,Mercado Pago,REF197666,automatico,95.0,Diferencia $-2723249.60
14/12/2025,1014,EL CUARTITO,20-48465648-2,1522667.96,A-00079,Banco Galicia,REF177289,automatico,95.0,Diferencia $-1759416.88
14/12/2025,1021,ALMACEN 1810,30-98687277-4,171623.18,A-00088,Banco Galicia,REF963994,automatico,95.0,Diferencia $-3431529.49
14/12/2025,1023,ROJO MALBEC,27-81223623-1,931020.94,A-00091,Banco Galicia,REF700056,automatico,95.0,Diferencia $-2514347.42
14/12/2025,1054,HOOD,23-78742967-1,298143.34,A-00136,Banco Galicia,REF638857,automatico,95.0,Diferencia $-1389345.61
14/12/2025,1083,CAZONA,30-13900532-9,468900.68,A-00182,Banco Galicia,REF911187,automatico,95.0,Diferencia $-575010.87
14/12/2025,1097,414 GALERIA,27-50229612-0,359753.74,A-00203,Banco Galicia,REF497859,automatico,95.0,Diferencia $-11519.15
14/12/2025,1099,PIZZA ITALIA,20-22901476-7,348339.86,A-00207,Banco Galicia,REF834750,automatico,95.0,Diferencia $-18771.72
14/12/2025,1103,PUNTO NUÑEZ,33-38851606-0,320776.1,A-00214,Banco Galicia,REF203782,automatico,95.0,Diferencia $-501302.53
14/12/2025,1123,Ramen Factory,20-24782613-7,431307.73,A-00240,Banco Galicia,REF351198,automatico,95.0,Diferencia $2812.36
14/12/2025,1129,SYRAH nueva cba,20-95396218-5,244374.64,A-00247,Banco Galicia,REF984522,automatico,95.0,Diferencia $-108716.59
14/12/2025,1071,alejandro sileoni,33-21759464-7,383407.53,A-00165,Banco Santander,REF525151,automatico,95.0,Diferencia $-812796.47
14/12/2025,1063,NEGRONI,27-88675339-6,534723.54,A-00151,Banco Galicia,REF214119,automatico,95.0,Diferencia $-765313.22
14/12/2025,1116,SALA FORMOSA,23-91486528-1,341549.39,A-00231,Banco Santander,REF241678,automatico,95.0,Diferencia $-307939.65
14/12/2025,1026,FRUTA NUEVA CORDOBA,30-34670656-2,431787.85,A-00095,Banco Santander,REF872519,automatico,95.0,Diferencia $-2484603.83
14/12/2025,1090,COLIFA BAR,30-98478961-1,335511.0,A-00193,Mercado Pago,REF376142,automatico,95.0,Diferencia $60367.51
14/12/2025,1051,GRAPPA,20-02499471-7,369062.42,A-00132,Mercado Pago,REF650916,automatico,95.0,Diferencia $-1379816.80
14/12/2025,1050,CLIN VINOTECA general paz,23-49361832-4,481486.84,A-00131,Mercado Pago,REF446620,automatico,95.0,Diferencia $-1305825.67
14/12/2025,1049,tomas quiroga,30-79740344-7,438249.0,A-00130,Mercado Pago,REF286044,automatico,95.0,Diferencia $-1382434.65
14/12/2025,1031,LA FABRICA,33-37452991-2,375931.53,A-00102,Mercado Pago,REF335217,automatico,95.0,Diferencia $-2018275.08
14/12/2025,1094,LA REINA EMPANADAS,30-04945198-3,392718.95,A-00199,Mercado Pago,REF702427,automatico,95.0,Diferencia $-77498.42
14/12/2025,1025,RAIZ FUEGO MOVIL,33-67054668-8,501601.72,A-00094,Mercado Pago,REF390334,automatico,95.0,Diferencia $-2722382.29
14/12/2025,1019,JANGADERO EX SHADDY,30-76320163-2,529631.71,A-00085,Mercado Pago,REF205071,automatico,95.0,Diferencia $-402797.99
14/12/2025,1016,TUTE MORTERO,23-69957773-8,1841013.91,A-00082,Mercado Pago,REF499974,automatico,95.0,Diferencia $-3330506.29
14/12/2025,1029,Eduardo bruno v maria,27-64170805-3,219870.87,A-00100,Mercado Pago,REF250181,automatico,95.0,Diferencia $-2427713.13
15/12/2025,1111,MARCELA DECIMA,33-98679807-9,336860.64,A-00225,Banco Galicia,REF863124,automatico,95.0,Diferencia $-52104.13
15/12/2025,1045,ucfa,30-11671902-2,376399.05,A-00123,Banco Galicia,REF711116,automatico,95.0,Diferencia $-1555832.21
15/12/2025,1043,Aldeano Restaurante Bar,27-08240084-2,236762.43,A-00121,Banco Galicia,REF572388,automatico,95.0,Diferencia $-1743554.67
15/12/2025,1075,Lu Jaitt Wedding,23-14562328-5,275061.23,A-00169,Mercado Pago,REF941272,automatico,95.0,Diferencia $-295029.29
15/12/2025,1020,MOSCU,20-83172788-9,518012.69,A-00087,Banco Galicia,REF151685,automatico,95.0,Diferencia $-3265402.75
15/12/2025,1019,JANGADERO EX SHADDY,30-76320163-2,292577.05,A-00085,Mercado Pago,REF205896,automatico,95.0,Diferencia $-639852.65
15/12/2025,1022,bamboo eventos,27-87347143-4,256514.81,A-00089,Mercado Pago,REF766275,automatico,95.0,Diferencia $-1153182.62
15/12/2025,1004,DRICKA,33-35348740-1,3180126.77,A-00052,Mercado Pago,REF625387,automatico,95.0,Diferencia $-1720880.85
15/12/2025,1003,NPJ,33-41241182-4,4345951.06,A-00047,Mercado Pago,REF856211,automatico,95.0,Diferencia $-357010.15
15/12/2025,1002,BONPRIX,27-13542784-9,7356540.29,A-00036,Mercado Pago,REF911032,automatico,95.0,Diferencia $-774184.29
15/12/2025,1009,POINT (EX KUARTETO CLUB),27-21607337-5,2075685.16,A-00068,Banco Galicia,REF998182,automatico,95.0,Diferencia $-1946026.57
15/12/2025,1035,ALMACEN SHIZEN,23-84987769-4,392325.63,A-00108,Banco Galicia,REF219361,automatico,95.0,Diferencia $-232024.59
15/12/2025,1070,Way Out Producciones,30-92374740-7,478800.6,A-00163,Banco Santander,REF269078,automatico,95.0,Diferencia $-52847.18
15/12/2025,1013,CLUB PARAGUAY,30-08835615-9,1332243.79,A-00077,Banco Santander,REF378095,automatico,95.0,Diferencia $160383.29
15/12/2025,1026,FRUTA NUEVA CORDOBA,30-34670656-2,498364.18,A-00095,Banco Santander,REF842464,automatico,95.0,Diferencia $-2418027.50
15/12/2025,1036,SEBASTIAN ESTRELLA,23-14737996-5,444073.55,A-00110,Banco Santander,REF985364,automatico,95.0,Diferencia $-304905.77
15/12/2025,1039,Michelle Catering,30-70143634-9,321420.37,A-00114,Banco Santander,REF497030,automatico,95.0,Diferencia $-1846614.76
16/12/2025,1010,ROASIO RIO CUARTO,23-30365414-5,1926010.07,A-00071,Banco Galicia,REF988432,automatico,95.0,Diferencia $-6980116.59
16/12/2025,1011,ROSARIO,33-50142940-1,1991565.42,A-00072,Banco Galicia,REF761393,automatico,95.0,Diferencia $-6174525.31
16/12/2025,1017,IMPERIO VINOTECA,23-14895134-3,642317.86,A-00083,Banco Galicia,REF347088,automatico,95.0,Diferencia $-4017593.01
16/12/2025,1027,VINOTECA LA FALDA,23-98069901-6,344048.97,A-00096,Banco Galicia,REF202344,automatico,95.0,Diferencia $-838767.79
16/12/2025,1067,campa bar,33-13431611-7,386094.23,A-00157,Banco Galicia,REF716225,automatico,95.0,Diferencia $-201676.62
16/12/2025,1079,MONJE NEGRO,20-74612004-7,409510.73,A-00175,Mercado Pago,REF996531,automatico,95.0,Diferencia $-679212.52
16/12/2025,1089,dionisio II,20-15921249-9,418589.92,A-00192,Banco Santander,REF170835,automatico,95.0,Diferencia $-385105.09
16/12/2025,1059,VINOTECA LA RECTA,23-48086131-7,165408.75,A-00143,Banco Santander,REF220190,automatico,95.0,Diferencia $-322133.37
16/12/2025,1034,DISTRIBUIDORA DE LA RIVA,33-50671657-2,412515.51,A-00106,Banco Santander,REF317782,automatico,95.0,Diferencia $-268421.26
16/12/2025,1076,OLEO,23-47451712-3,464873.42,A-00171,Mercado Pago,REF670143,automatico,95.0,Diferencia $-695587.85
16/12/2025,1040,VINOTECA PEDROS,30-88568557-4,847759.69,A-00115,Mercado Pago,REF532368,automatico,95.0,Diferencia $-142833.42
16/12/2025,1055,SIGUR VINOTECA,27-65512567-4,355749.49,A-00137,Mercado Pago,REF175623,automatico,95.0,Diferencia $-11869.69
16/12/2025,1056,LA FERNECERIA,33-07154516-8,113968.41,A-00139,Mercado Pago,REF508422,automatico,95.0,Diferencia $-421654.33
16/12/2025,1062,DADDY BEBIDAS CORDILLERA,20-44997278-7,276222.26,A-00149,Mercado Pago,REF557309,automatico,95.0,Diferencia $-183955.49
16/12/2025,1096,BLEND BEBIDAS RIO CUARTO,33-99809402-4,316765.71,A-00202,Mercado Pago,REF579404,automatico,95.0,Diferencia $-626720.78
16/12/2025,1005,CHILLI STREET CLUB,27-00524278-6,1693111.76,A-00056,Banco Galicia,REF225245,automatico,95.0,Diferencia $-1744628.06
17/12/2025,1007,FRUTA CERRO,20-45053315-8,1789662.56,A-00063,Banco Santander,REF578933,automatico,95.0,Diferencia $-286322.43
17/12/2025,1013,CLUB PARAGUAY,30-08835615-9,327816.74,A-00077,Banco Santander,REF826847,automatico,95.0,Diferencia $-844043.76
17/12/2025,1106,Consumidor Final,33-16453521-8,364132.58,A-00218,Mercado Pago,REF480805,automatico,95.0,Diferencia $-337312.56
17/12/2025,1047,Copa V VIEYTES,30-74964990-9,345322.28,A-00126,Mercado Pago,REF335203,automatico,95.0,Diferencia $-187316.11
17/12/2025,1015,DISTRIBUIDORA SUR.,30-62994680-4,385362.17,A-00081,Mercado Pago,REF191884,automatico,95.0,Diferencia $-6732557.83
17/12/2025,1003,NPJ,33-41241182-4,2582318.21,A-00050,Mercado Pago,REF916808,automatico,95.0,Diferencia $-289556.31
17/12/2025,1039,Michelle Catering,30-70143634-9,272978.67,A-00114,Banco Santander,REF346415,automatico,95.0,Diferencia $-1895056.46
17/12/2025,1030,MARQUEZ VINOS Y LICORES,20-03309232-7,420291.71,A-00101,Banco Santander,REF147939,automatico,95.0,Diferencia $-2054712.04
17/12/2025,1012,CREEK HOUSE CLUB,27-56981693-4,889740.64,A-00074,Banco Galicia,REF101885,automatico,95.0,Diferencia $-1096439.11
17/12/2025,1037,DAV COUNTRY,30-52735454-9,271470.17,A-00112,Banco Galicia,REF810859,automatico,95.0,Diferencia $-1966024.81
17/12/2025,1043,Aldeano Restaurante Bar,27-08240084-2,287354.81,A-00121,Banco Galicia,REF717942,automatico,95.0,Diferencia $-1692962.29
18/12/2025,1042,CATCH,27-98941343-5,204211.74,A-00119,Banco Santander,REF961760,automatico,95.0,Diferencia $-255961.21
18/12/2025,1018,CARAVANA - RIO CUARTO,23-00379176-9,679719.26,A-00084,Mercado Pago,REF370413,automatico,95.0,Diferencia $-3404747.75
18/12/2025,1000,PRITTY,27-35346247-5,13396930.09,A-00003,Mercado Pago,REF580718,automatico,95.0,Diferencia $-7869427.65
18/12/2025,1044,SUMMER HOUSE,20-09477752-0,347388.0,A-00122,Banco Santander,REF984027,automatico,95.0,Diferencia $-1624873.83
18/12/2025,1006,Belgrano Bebidas S.R.L,20-12805982-6,1357095.69,A-00060,Banco Galicia,REF633541,automatico,95.0,Diferencia $-45317.01
18/12/2025,1041,DISTRIBUIDORA MARCONI,27-31351823-3,360302.37,A-00117,Banco Galicia,REF729094,automatico,95.0,Diferencia $-289126.35
18/12/2025,1052,cassette,30-48877190-6,496169.69,A-00133,Mercado Pago,REF688602,automatico,95.0,Diferencia $-1237641.10
18/12/2025,1005,CHILLI STREET CLUB,27-00524278-6,2084207.47,A-00056,Banco Galicia,REF243876,automatico,95.0,Diferencia $-1353532.35
18/12/2025,1078,OCASO BAR,33-65137098-5,292775.21,A-00173,Banco Santander,REF921861,automatico,95.0,Diferencia $-133171.49
18/12/2025,1056,LA FERNECERIA,33-07154516-8,400080.71,A-00139,Mercado Pago,REF660814,automatico,95.0,Diferencia $-135542.03
19/12/2025,1016,TUTE MORTERO,23-69957773-8,685323.11,A-00082,Mercado Pago,REF567429,automatico,95.0,Diferencia $-4486197.09
19/12/2025,1007,FRUTA CERRO,20-45053315-8,1118870.78,A-00063,Banco Santander,REF310418,automatico,95.0,Diferencia $-957114.21
19/12/2025,1022,bamboo eventos,27-87347143-4,367027.79,A-00089,Mercado Pago,REF353690,automatico,95.0,Diferencia $-1042669.64
19/12/2025,1062,DADDY BEBIDAS CORDILLERA,20-44997278-7,251846.7,A-00149,Mercado Pago,REF476948,automatico,95.0,Diferencia $-208331.05
19/12/2025,1028,EL ZORRO,30-20465375-5,437512.04,A-00098,Mercado Pago,REF992562,automatico,95.0,Diferencia $-858090.95
19/12/2025,1029,Eduardo bruno v maria,27-64170805-3,331311.16,A-00100,Mercado Pago,REF850432,automatico,95.0,Diferencia $-2316272.84
19/12/2025,1083,CAZONA,30-13900532-9,350463.27,A-00182,Banco Galicia,REF771394,automatico,95.0,Diferencia $-693448.28
19/12/2025,1046,Kiosko gaviota,20-31869993-8,320753.86,A-00124,Banco Galicia,REF309612,automatico,95.0,Diferencia $-504746.99
19/12/2025,1041,DISTRIBUIDORA MARCONI,27-31351823-3,260756.5,A-00117,Banco Galicia,REF789089,automatico,95.0,Diferencia $-388672.22
19/12/2025,1038,FULLSKAVIO,33-08313678-3,304405.25,A-00113,Banco Galicia,REF966582,automatico,95.0,Diferencia $-1903289.61
19/12/2025,1037,DAV COUNTRY,30-52735454-9,418886.32,A-00112,Banco Galicia,REF879746,automatico,95.0,Diferencia $-1818608.66
19/12/2025,1023,ROJO MALBEC,27-81223623-1,408777.77,A-00091,Banco Galicia,REF324729,automatico,95.0,Diferencia $-3036590.59
19/12/2025,1008,E24,33-23226025-6,1866523.27,A-00066,Banco Galicia,REF512040,automatico,95.0,Diferencia $-1355964.58
19/12/2025,1025,RAIZ FUEGO MOVIL,33-67054668-8,313396.78,A-00094,Mercado Pago,REF845635,automatico,95.0,Diferencia $-2910587.23
19/12/2025,1058,La generosa.vinos,23-48247710-9,155427.67,A-00142,Mercado Pago,REF111691,automatico,95.0,Diferencia $-1411725.41
20/12/2025,1059,VINOTECA LA RECTA,23-48086131-7,348480.19,A-00143,Banco Santander,REF938504,automatico,95.0,Diferencia $-139061.93
20/12/2025,1001,RPB S.A,20-79911838-4,3041878.09,A-00027,Mercado Pago,REF489906,automatico,95.0,Diferencia $-254035.37
20/12/2025,1003,NPJ,33-41241182-4,2511219.76,A-00049,Mercado Pago,REF988217,automatico,95.0,Diferencia $263707.98
20/12/2025,1022,bamboo eventos,27-87347143-4,323469.6,A-00089,Mercado Pago,REF722899,automatico,95.0,Diferencia $-1086227.83
20/12/2025,1048,Route 66,23-34123281-2,350531.96,A-00128,Mercado Pago,REF750706,automatico,95.0,Diferencia $-214953.13
20/12/2025,1006,Belgrano Bebidas S.R.L,20-12805982-6,835595.32,A-00060,Banco Galicia,REF112884,automatico,95.0,Diferencia $-566817.38
20/12/2025,1017,IMPERIO VINOTECA,23-14895134-3,344253.82,A-00083,Banco Galicia,REF182790,automatico,95.0,Diferencia $-4315657.05
20/12/2025,1021,ALMACEN 1810,30-98687277-4,257208.05,A-00088,Banco Galicia,REF607993,automatico,95.0,Diferencia $-3345944.62
20/12/2025,1046,Kiosko gaviota,20-31869993-8,261386.18,A-00124,Banco Galicia,REF923690,automatico,95.0,Diferencia $-564114.67
20/12/2025,1099,PIZZA ITALIA,20-22901476-7,248734.97,A-00207,Banco Galicia,REF482812,automatico,95.0,Diferencia $-118376.61
21/12/2025,1017,IMPERIO VINOTECA,23-14895134-3,240931.0,A-00083,Banco Galicia,REF995420,automatico,95.0,Diferencia $-4418979.87
21/12/2025,1023,ROJO MALBEC,27-81223623-1,394983.38,A-00091,Banco Galicia,REF810614,automatico,95.0,Diferencia $-3050384.98
21/12/2025,1007,FRUTA CERRO,20-45053315-8,1370842.73,A-00063,Banco Santander,REF922615,automatico,95.0,Diferencia $-705142.26
21/12/2025,1008,E24,33-23226025-6,779513.93,A-00066,Banco Galicia,REF871073,automatico,95.0,Diferencia $-2442973.92
21/12/2025,1044,SUMMER HOUSE,20-09477752-0,243210.39,A-00122,Banco Santander,REF429159,automatico,95.0,Diferencia $-1729051.44
21/12/2025,1018,CARAVANA - RIO CUARTO,23-00379176-9,474565.95,A-00084,Mercado Pago,REF862422,automatico,95.0,Diferencia $-3609901.06
21/12/2025,1002,BONPRIX,27-13542784-9,2199485.75,A-00040,Mercado Pago,REF239613,automatico,95.0,Diferencia $-639350.87
21/12/2025,1014,EL CUARTITO,20-48465648-2,1975415.01,A-00079,Banco Galicia,REF135035,automatico,95.0,Diferencia $-1306669.83
21/12/2025,1009,POINT (EX KUARTETO CLUB),27-21607337-5,896282.49,A-00069,Banco Galicia,REF195643,automatico,95.0,Diferencia $-326381.78
22/12/2025,1006,Belgrano Bebidas S.R.L,20-12805982-6,570813.32,A-00060,Banco Galicia,REF594681,automatico,95.0,Diferencia $-831599.38
22/12/2025,1027,VINOTECA LA FALDA,23-98069901-6,390944.23,A-00096,Banco Galicia,REF876909,automatico,95.0,Diferencia $-791872.53
22/12/2025,1054,HOOD,23-78742967-1,436700.1,A-00136,Banco Galicia,REF200617,automatico,95.0,Diferencia $-1250788.85
22/12/2025,1063,NEGRONI,27-88675339-6,435464.86,A-00151,Banco Galicia,REF736095,automatico,95.0,Diferencia $-864571.90
22/12/2025,1051,GRAPPA,20-02499471-7,472101.39,A-00132,Mercado Pago,REF292800,automatico,95.0,Diferencia $-1276777.83
22/12/2025,1031,LA FABRICA,33-37452991-2,212594.52,A-00102,Mercado Pago,REF237579,automatico,95.0,Diferencia $-2181612.09
22/12/2025,1019,JANGADERO EX SHADDY,30-76320163-2,431619.81,A-00085,Mercado Pago,REF661652,automatico,95.0,Diferencia $-500809.89
22/12/2025,1015,DISTRIBUIDORA SUR.,30-62994680-4,281454.33,A-00081,Mercado Pago,REF794178,automatico,95.0,Diferencia $-6836465.67
22/12/2025,1004,DRICKA,33-35348740-1,1225840.33,A-00053,Mercado Pago,REF544150,automatico,95.0,Diferencia $-485158.59
22/12/2025,1007,FRUTA CERRO,20-45053315-8,1474615.9,A-00063,Banco Santander,REF752966,automatico,95.0,Diferencia $-601369.09
22/12/2025,1034,DISTRIBUIDORA DE LA RIVA,33-50671657-2,394465.65,A-00106,Banco Santander,REF604012,automatico,95.0,Diferencia $-286471.12
23/12/2025,1001,RPB S.A,20-79911838-4,2484940.25,A-00028,Mercado Pago,REF780432,automatico,95.0,Diferencia $394214.34
23/12/2025,1042,CATCH,27-98941343-5,432148.52,A-00119,Banco Santander,REF856609,automatico,95.0,Diferencia $-28024.43
23/12/2025,1013,CLUB PARAGUAY,30-08835615-9,194298.1,A-00077,Banco Santander,REF369125,automatico,95.0,Diferencia $-977562.40
23/12/2025,1036,SEBASTIAN ESTRELLA,23-14737996-5,473247.72,A-00110,Banco Santander,REF536236,automatico,95.0,Diferencia $-275731.60
23/12/2025,1020,MOSCU,20-83172788-9,504602.17,A-00087,Banco Galicia,REF381631,automatico,95.0,Diferencia $-3278813.27
23/12/2025,1012,CREEK HOUSE CLUB,27-56981693-4,393192.91,A-00074,Banco Galicia,REF510623,automatico,95.0,Diferencia $-1592986.84
23/12/2025,1011,ROSARIO,33-50142940-1,502151.55,A-00072,Banco Galicia,REF712356,automatico,95.0,Diferencia $-7663939.18
23/12/2025,1010,ROASIO RIO CUARTO,23-30365414-5,905928.52,A-00071,Banco Galicia,REF447655,automatico,95.0,Diferencia $-8000198.14
23/12/2025,1007,FRUTA CERRO,20-45053315-8,599022.8,A-00063,Banco Santander,REF486162,automatico,95.0,Diferencia $-1476962.19
24/12/2025,1012,CREEK HOUSE CLUB,27-56981693-4,412702.76,A-00074,Banco Galicia,REF695048,automatico,95.0,Diferencia $-1573476.99
24/12/2025,1008,E24,33-23226025-6,542000.46,A-00066,Banco Galicia,REF574751,automatico,95.0,Diferencia $-2680487.39
24/12/2025,1040,VINOTECA PEDROS,30-88568557-4,183689.69,A-00115,Mercado Pago,REF675771,automatico,95.0,Diferencia $-806903.42
24/12/2025,1001,RPB S.A,20-79911838-4,4928261.11,A-00026,Mercado Pago,REF515594,automatico,95.0,Diferencia $-501094.71
24/12/2025,1007,FRUTA CERRO,20-45053315-8,933747.19,A-00063,Banco Santander,REF617326,automatico,95.0,Diferencia $-1142237.80
24/12/2025,1058,La generosa.vinos,23-48247710-9,461533.79,A-00142,Mercado Pago,REF682032,automatico,95.0,Diferencia $-1105619.29
25/12/2025,1021,ALMACEN 1810,30-98687277-4,247505.08,A-00088,Banco Galicia,REF492073,automatico,95.0,Diferencia $-3355647.59
25/12/2025,1009,POINT (EX KUARTETO CLUB),27-21607337-5,2213036.97,A-00068,Banco Galicia,REF473023,automatico,95.0,Diferencia $-1808674.76
25/12/2025,1005,CHILLI STREET CLUB,27-00524278-6,878794.5,A-00056,Banco Galicia,REF271790,automatico,95.0,Diferencia $-2558945.32
25/12/2025,1000,PRITTY,27-35346247-5,11786727.75,A-00003,Mercado Pago,REF831160,automatico,95.0,Diferencia $-9479629.99
25/12/2025,1040,VINOTECA PEDROS,30-88568557-4,226264.99,A-00115,Mercado Pago,REF195310,automatico,95.0,Diferencia $-764328.12
25/12/2025,1004,DRICKA,33-35348740-1,1254274.47,A-00053,Mercado Pago,REF186431,automatico,95.0,Diferencia $-456724.45
25/12/2025,1013,CLUB PARAGUAY,30-08835615-9,463896.93,A-00077,Banco Santander,REF855408,automatico,95.0,Diferencia $-707963.57
26/12/2025,1004,DRICKA,33-35348740-1,1196593.7,A-00053,Mercado Pago,REF663772,automatico,95.0,Diferencia $-514405.22
26/12/2025,1000,PRITTY,27-35346247-5,6853674.63,A-00004,Mercado Pago,REF166407,automatico,95.0,Diferencia $-243221.12
26/12/2025,1023,ROJO MALBEC,27-81223623-1,401183.0,A-00091,Banco Galicia,REF783238,automatico,95.0,Diferencia $-3044185.36
26/12/2025,1020,MOSCU,20-83172788-9,140240.97,A-00087,Banco Galicia,REF957091,automatico,95.0,Diferencia $-3643174.47
27/12/2025,1016,TUTE MORTERO,23-69957773-8,303065.66,A-00082,Mercado Pago,REF561101,automatico,95.0,Diferencia $-4868454.54
27/12/2025,1015,DISTRIBUIDORA SUR.,30-62994680-4,492384.22,A-00081,Mercado Pago,REF603660,automatico,95.0,Diferencia $-6625535.78
27/12/2025,1003,NPJ,33-41241182-4,1023994.52,A-00048,Mercado Pago,REF416302,automatico,95.0,Diferencia $-552672.54
27/12/2025,1005,CHILLI STREET CLUB,27-00524278-6,901789.14,A-00056,Banco Galicia,REF463546,automatico,95.0,Diferencia $-2535950.68
28/12/2025,1011,ROSARIO,33-50142940-1,248452.37,A-00072,Banco Galicia,REF949767,automatico,95.0,Diferencia $-7917638.36
28/12/2025,1001,RPB S.A,20-79911838-4,6471732.03,A-00024,Mercado Pago,REF861253,automatico,95.0,Diferencia $-1054620.87
28/12/2025,1036,SEBASTIAN ESTRELLA,23-14737996-5,250125.85,A-00110,Banco Santander,REF290065,automatico,95.0,Diferencia $-498853.47
28/12/2025,1042,CATCH,27-98941343-5,380231.66,A-00119,Banco Santander,REF366641,automatico,95.0,Diferencia $-79941.29
28/12/2025,1031,LA FABRICA,33-37452991-2,418075.46,A-00102,Mercado Pago,REF122977,automatico,95.0,Diferencia $-1976131.15
28/12/2025,1014,EL CUARTITO,20-48465648-2,1223588.79,A-00079,Banco Galicia,REF434198,automatico,95.0,Diferencia $-2058496.05
28/12/2025,1002,BONPRIX,27-13542784-9,6626267.3,A-00036,Mercado Pago,REF810029,automatico,95.0,Diferencia $-1504457.28
28/12/2025,1003,NPJ,33-41241182-4,219124.43,A-00048,Mercado Pago,REF884170,automatico,95.0,Diferencia $-1357542.63
28/12/2025,1010,ROASIO RIO CUARTO,23-30365414-5,1005256.7,A-00071,Banco Galicia,REF701761,automatico,95.0,Diferencia $-7900869.96
28/12/2025,1009,POINT (EX KUARTETO CLUB),27-21607337-5,657577.83,A-00069,Banco Galicia,REF372804,automatico,95.0,Diferencia $-565086.44
28/12/2025,1008,E24,33-23226025-6,377657.77,A-00066,Banco Galicia,REF907557,automatico,95.0,Diferencia $-2844830.08
28/12/2025,1008,E24,33-23226025-6,323758.78,A-00066,Banco Galicia,REF178315,automatico,95.0,Diferencia $-2898729.07
28/12/2025,1006,Belgrano Bebidas S.R.L,20-12805982-6,517838.45,A-00060,Banco Galicia,REF257375,automatico,95.0,Diferencia $-884574.25
28/12/2025,1005,CHILLI STREET CLUB,27-00524278-6,207803.82,A-00056,Banco Galicia,REF921021,automatico,95.0,Diferencia $-3229936.00
28/12/2025,1020,MOSCU,20-83172788-9,337066.27,A-00087,Banco Galicia,REF615500,automatico,95.0,Diferencia $-3446349.17
29/12/2025,1009,POINT (EX KUARTETO CLUB),27-21607337-5,1321375.15,A-00069,Banco Galicia,REF151328,automatico,95.0,Diferencia $98710.88
29/12/2025,1036,SEBASTIAN ESTRELLA,23-14737996-5,266067.31,A-00110,Banco Santander,REF696580,automatico,95.0,Diferencia $-482912.01
29/12/2025,1010,ROASIO RIO CUARTO,23-30365414-5,936767.76,A-00071,Banco Galicia,REF583388,automatico,95.0,Diferencia $-7969358.90
29/12/2025,1014,EL CUARTITO,20-48465648-2,294580.37,A-00079,Banco Galicia,REF278368,automatico,95.0,Diferencia $-2987504.47
29/12/2025,1010,ROASIO RIO CUARTO,23-30365414-5,321634.05,A-00071,Banco Galicia,REF859620,automatico,95.0,Diferencia $-8584492.61
29/12/2025,1000,PRITTY,27-35346247-5,5343465.39,A-00004,Mercado Pago,REF550513,automatico,95.0,Diferencia $-1753430.36
29/12/2025,1000,PRITTY,27-35346247-5,2832725.5,A-00006,Mercado Pago,REF618746,automatico,95.0,Diferencia $-908157.87
29/12/2025,1002,BONPRIX,27-13542784-9,3875090.69,A-00037,Mercado Pago,REF656278,automatico,95.0,Diferencia $-1080724.29
29/12/2025,1002,BONPRIX,27-13542784-9,1054598.61,A-00041,Mercado Pago,REF739966,automatico,95.0,Diferencia $46185.28
29/12/2025,1003,NPJ,33-41241182-4,347424.98,A-00048,Mercado Pago,REF736408,automatico,95.0,Diferencia $-1229242.08
29/12/2025,1004,DRICKA,33-35348740-1,1172474.81,A-00053,Mercado Pago,REF390946,automatico,95.0,Diferencia $-538524.11
29/12/2025,1014,EL CUARTITO,20-48465648-2,632189.84,A-00079,Banco Galicia,REF209812,automatico,95.0,Diferencia $-2649895.00
29/12/2025,1040,VINOTECA PEDROS,30-88568557-4,371012.5,A-00115,Mercado Pago,REF749137,automatico,95.0,Diferencia $-619580.61
29/12/2025,1000,PRITTY,27-35346247-5,4911142.72,A-00004,Mercado Pago,REF517035,automatico,95.0,Diferencia $-2185753.03
29/12/2025,1016,TUTE MORTERO,23-69957773-8,286612.88,A-00082,Mercado Pago,REF337232,automatico,95.0,Diferencia $-4884907.32
30/12/2025,1000,PRITTY,27-35346247-5,9149598.16,A-00005,Mercado Pago,REF968581,automatico,95.0,Diferencia $1811609.68
30/12/2025,1001,RPB S.A,20-79911838-4,1575980.07,A-00028,Mercado Pago,REF345517,automatico,95.0,Diferencia $-514745.84
30/12/2025,1001,RPB S.A,20-79911838-4,8231266.82,A-00024,Mercado Pago,REF195629,automatico,95.0,Diferencia $704913.92
30/12/2025,1002,BONPRIX,27-13542784-9,7643230.11,A-00036,Mercado Pago,REF561477,automatico,95.0,Diferencia $-487494.47
30/12/2025,1020,MOSCU,20-83172788-9,190580.53,A-00087,Banco Galicia,REF426053,automatico,95.0,Diferencia $-3592834.91
30/12/2025,1014,EL CUARTITO,20-48465648-2,450554.83,A-00079,Banco Galicia,REF197627,automatico,95.0,Diferencia $-2831530.01
30/12/2025,1014,EL CUARTITO,20-48465648-2,466914.82,A-00079,Banco Galicia,REF178645,automatico,95.0,Diferencia $-2815170.02
30/12/2025,1011,ROSARIO,33-50142940-1,379152.37,A-00072,Banco Galicia,REF424065,automatico,95.0,Diferencia $-7786938.36
30/12/2025,1011,ROSARIO,33-50142940-1,364355.43,A-00072,Banco Galicia,REF297377,automatico,95.0,Diferencia $-7801735.30
30/12/2025,1010,ROASIO RIO CUARTO,23-30365414-5,421290.69,A-00071,Banco Galicia,REF130914,automatico,95.0,Diferencia $-8484835.97
30/12/2025,1009,POINT (EX KUARTETO CLUB),27-21607337-5,760252.06,A-00069,Banco Galicia,REF676843,automatico,95.0,Diferencia $-462412.21
30/12/2025,1009,POINT (EX KUARTETO CLUB),27-21607337-5,366444.76,A-00069,Banco Galicia,REF524035,automatico,95.0,Diferencia $-856219.51
30/12/2025,1009,POINT (EX KUARTETO CLUB),27-21607337-5,352208.98,A-00069,Banco Galicia,REF282313,automatico,95.0,Diferencia $-870455.29
30/12/2025,1006,Belgrano Bebidas S.R.L,20-12805982-6,781764.31,A-00060,Banco Galicia,REF999138,automatico,95.0,Diferencia $-620648.39
30/12/2025,1005,CHILLI STREET CLUB,27-00524278-6,723373.82,A-00056,Banco Galicia,REF371840,automatico,95.0,Diferencia $-2714366.00
30/12/2025,1003,NPJ,33-41241182-4,453446.0,A-00048,Mercado Pago,REF777558,automatico,95.0,Diferencia $-1123221.06
